id,title,tutor_id
0,Group of Claim bag present.,841
1,Group of Most out war tend.,190
2,Group of So onto theory goal.,246
3,Group of Relationship own.,643
4,Group of Positive west.,356
5,Group of Lose more sure beat.,911
6,Group of Upon general much.,824
7,Group of Free consider.,805
8,Group of Might catch.,637
9,Group of Receive somebody.,698
10,Group of Collection could.,981
11,Group of Treatment dog.,229
12,Group of Fight line thing do.,933
13,Group of Network major new.,79
14,Group of Paper huge hot.,113
15,Group of Have kind show.,504
16,Group of Memory police.,805
17,Group of After program place.,320
18,Group of Fast determine skin.,229
19,Group of Experience.,637
20,Group of Hospital range drop.,494
21,Group of Western bank system.,706
22,Group of Away ground.,905
23,Group of Memory number stop.,84
24,Group of Little will hand.,559
25,Group of Lose material.,698
26,Group of View water oil.,514
27,Group of Strategy myself.,978
28,Group of Religious garden.,428
29,Group of Box herself.,654
30,Group of Huge within here.,494
31,Group of Protect employee.,113
32,Group of Loss free east.,57
33,Group of Consumer so point.,643
34,Group of Make audience.,805
35,Group of Behavior decision.,513
36,Group of Weight office.,841
37,Group of She stage mention.,499
38,Group of My million analysis.,526
39,Group of Forward central.,63
40,Group of Material actually.,868
41,Group of Example notice ten.,32
42,Group of Industry because.,376
43,Group of Different during.,20
44,Group of Rest star prevent.,911
45,Group of Individual data.,260
46,Group of Old range common.,510
47,Group of Suddenly simple.,20
48,Group of Public loss drop.,229
49,Group of Deep eat beat part.,933
50,Group of Later bar ok early.,510
51,Group of Discussion project.,254
52,Group of Assume pay simple.,467
53,Group of Sign manage several.,229
54,Group of Movement fire.,559
55,Group of Direction citizen.,428
56,Group of Key impact eight.,84
57,Group of Check for painting.,824
58,Group of Hand section.,831
59,Group of Throw situation.,904
60,Group of Big deep continue.,933
61,Group of Eight during case.,706
62,Group of Down happen hot.,617
63,Group of Account past civil.,978
64,Group of Any success.,514
65,Group of Result national.,424
66,Group of Building family.,148
67,Group of Door tonight.,460
68,Group of Onto audience.,179
69,Group of Behind without.,905
70,Group of Then happen adult.,404
71,Group of Toward contain.,988
72,Group of Poor home care.,559
73,Group of Change window Mrs.,914
74,Group of Experience consumer.,16
75,Group of Speech wear.,514
76,Group of Case record little.,381
77,Group of Seat it those.,545
78,Group of Provide travel.,862
79,Group of Would table ask.,79
80,Group of Heavy sing than.,224
81,Group of Pattern outside.,4
82,Group of Listen less thus I.,190
83,Group of Democratic relate.,526
84,Group of Look health focus.,549
85,Group of Cold game manage.,638
86,Group of Name thought.,16
87,Group of Traditional south.,510
88,Group of Project tough.,84
89,Group of How with sell term.,940
90,Group of Research recent.,684
91,Group of Recently loss admit.,559
92,Group of Pressure commercial.,332
93,Group of Whose join level.,638
94,Group of Media buy eye.,190
95,Group of Science push range.,119
96,Group of Everything task.,504
97,Group of Spend stage agree.,643
98,Group of Style contain which.,228
99,Group of Over effect cause.,911
