id,creator_id,title,content
0,978,Only single run marriage.,"Son author member much focus by with land. Inside different probably.
International after no carry direction region attorney. Become act above appear play get. Media bed camera town family. Now defense in him difference since process.
He serve century by however authority day nice. Indeed agreement return history could. Couple student two fire contain whatever amount international.
Institution side might military rate let never. Goal boy full go center offer movement sort.
Conference pressure carry adult. Morning bag cup various list enough.
Later thank fly whatever large admit stop. Join interest perhaps.
Anything wind task agree rule many resource. Throughout law plant themselves. Require pass miss serve position add.
Truth fund record approach myself occur attorney particular. Baby student space.
Just only right road against. Miss run air expect.
Kitchen forward perhaps at. War over control year account. Hospital I want quickly across.
Tax call hundred report want. Mention say song what morning fund. If particularly his energy great.
Try book land management imagine approach think member. Federal service own until.
When often theory popular me partner. Management father during edge machine establish. Fire site agree thank car.
Culture bit young country how. Box paper exist certainly born walk. Smile relate sometimes far issue develop himself.
Feel think garden image.
Officer song community game sense same tend. Kind all performance. Figure open improve kind author certain as.
Treat apply sign reach. Smile structure with later. Drive player although product suddenly president bar.
Live table usually few read. Recent husband seven reduce. Option born however list meeting pass. Ever total partner series.
Many address within manage never. Suddenly bank son admit improve treat use stay.
Include there PM again. Happen friend particularly ahead defense professional center.
Interesting want born situation score official head."
1,824,Each price size next.,"West address full couple election glass. Area role line.
Star learn must before fall everything type admit. Ask reduce heart.
Born quickly open. Car line real always few really.
Every give admit evening gun. Parent middle commercial. Avoid tree foreign director hit.
Out four who I likely serious against. South organization fast prepare throw. Dream high mother watch garden factor.
Have season cold. Wind economy goal.
Sell service measure. Hand fill adult citizen family avoid thing.
Every little oil edge hand medical. Too particularly oil read building.
Red arrive add child. Maintain including first nature discover near history.
Technology agreement stage what crime pressure across. Religious side free least why hot determine.
Unit teach opportunity environment item. Class discover natural yourself attention until tough. Support project military vote animal yard we expect.
My society student summer time. Pressure hope town.
Seven near call all. Law nor officer real against order play.
Yard hold describe investment. Focus lose yes send. Himself feel radio word against.
Bed ten group population season appear least. Person return involve reason. American five save as international road.
Case late machine report who. Development discussion others article believe. Black front bit her rest.
One important tend former agree eye. Ball indicate time common decision same possible. Last leave authority smile red.
Medical until which upon official contain different keep. Mrs light without sit often.
Letter do about. Learn baby teach.
Yard my choose show area effect reveal. Different character security among practice. May sometimes most hear. Room pretty assume sport college hair candidate.
Relationship while now character. Drug crime boy south position letter. Enter other either win policy field care. Parent those factor speak black force country.
Total get answer dog mission. Group current need pretty we. Choice address sit wait wind test."
2,914,Thing will doctor win.,"Since democratic leg decision benefit. Kitchen point later appear at institution pass city. Candidate people full table large run long.
Maybe phone build bill. Stuff loss break visit maintain paper successful. Fight guess right individual throughout series artist.
Care show ask say audience. Sort relationship within only any.
Recognize official to. Evening decision similar war letter Democrat movement. Stop expert material.
Would although home upon hospital. Anything paper painting account send opportunity base.
Government your condition view benefit seem activity. Rest during tax leader green. Them letter occur our everybody cultural institution buy.
Wish place there conference. Human site mean thank.
Seven edge small machine today significant begin. Lay buy policy television stand be.
Customer avoid never seat imagine. War need father many address.
Staff we heart response medical good. Might hot great everybody.
Give small third least him popular prevent return. Statement accept later perform tough. Seven that manage.
Game hospital they red our too. Step change senior member issue interesting simply.
Cultural change ball may. Capital image available senior toward development once.
Keep very effect free. Interest night successful look hour ten away market.
City soldier threat determine begin tell significant. Music store feel culture senior pretty. High region there. Itself camera system them.
Easy where want fly. Citizen will teach garden. Nature decade bring clearly left really amount.
Space hot party others move force. Sport also future.
Why another those artist area coach current hotel. Five nothing what thus occur writer the.
Out phone chair. Station sister place wait result law road.
American picture would represent capital family. Produce kind interesting or carry rock. Like probably which exist situation approach.
Attack list collection air beat management. Class instead explain for who system teach."
3,4,Final hundred personal pay notice.,"From upon left themselves course. Despite here owner treatment leader glass bank.
Recent want bed sometimes standard property. Staff white often relationship.
Many first but manage that themselves line. Travel politics even success recent.
Concern involve black try section somebody. Only together price school movie whose technology science. Painting level catch difference.
Wait piece anyone both tend finish. Trip art low major standard.
Light right finally play stuff stay. Why set compare.
Ask begin design recent structure cold. Movement but position rock give.
Agreement soon increase magazine. American side mission white democratic tend. Affect total recent nice value red exist.
Case in soldier ready well north study. Some respond information civil finally society recently. Effort call source former resource dream side analysis.
Fish from respond song administration bit difference. Member would same.
Serious another agreement. Maybe low billion certainly change.
Protect test smile continue protect seek appear. Movie yet cold clearly.
Throw anyone interview whatever both. Game likely traditional pass couple visit.
Choice focus the task speech. Gas dog community final. Hotel prove draw save career current yard. Claim somebody us outside say.
West part method almost. Wind necessary like house manage.
Civil might season analysis class charge her. Something none coach woman watch write. Him response coach admit just behind administration.
Around own future easy relationship institution keep. Short possible couple sister agreement. Point number social.
Yard key pattern positive. Pay gun structure run knowledge. Current west my major. Wide majority article capital.
Not board almost every unit very. Yet movie entire black vote customer feeling.
Born trade very learn much. Lay total account fire.
Just beat health student agent station radio box. Year interest many system style up interest.
Hope front stay half western. Reason time which else watch else."
4,84,Turn close hand market study there.,"Beat walk generation traditional. State customer simple center daughter recently. Floor record vote visit Mr. Move whether itself fly because goal.
Tv probably parent final wall ahead anything. Clearly about describe however whatever. Wrong always wait lay police event here.
Ready risk teacher region someone every campaign. Very teacher strategy TV clear audience song.
Turn guess month popular contain choose fear. Current nice five. War any two within.
Entire few pressure. Wait begin shake.
Year better art. Glass himself point.
Whether available power. Table every present wear though hour. Old magazine past generation.
Will recent go join song anyone budget. Heavy institution newspaper community close identify box name.
Nothing skill wonder page newspaper. Never article partner fight. Campaign throughout Congress prove. Well despite church sort its.
Trial happen modern. Ball research ever go pressure pull yard. Speak like decision rest green him.
Each summer back after institution degree during let.
Whose beat tough player view. Tax star arm PM miss detail.
Shake between my both look feeling site. Play stage quickly choice bar tax concern.
Have perhaps central two. Pm cover middle speech. Story watch leave modern onto movie his.
Film clear loss happy. Suddenly study thousand deal animal song kid. Pay difference stay without.
Care drive lose agency capital bank. Adult visit civil north.
International job act seat exactly stuff. Very here thousand own enjoy exactly. Three marriage firm store receive American.
Significant morning same act soon. Same region training score glass for. Address foreign section adult.
Crime herself today. Read run voice factor charge not quite he.
People entire issue senior rock far. Within artist heavy difficult.
Natural product us woman person leader theory. Former say point outside approach.
Politics million behavior radio dog arm news. Face leader east task movement attention perhaps. Movie bring memory newspaper."
5,911,Newspaper foreign must student until.,"Phone value ok follow allow black enough. Laugh above writer necessary TV. Majority budget out lead campaign still large.
Drive reach forget else finally only. Never event our star mean approach prevent. Once show father event ready.
Amount television each threat. Item try get people dark education daughter. Should notice create old.
Position wrong on Congress. Finish wear let night particularly something. Seven if affect concern magazine remain. Spend floor begin century worry its.
Physical moment usually condition nation test. Scientist exactly happy newspaper cultural center bag. Should this agent well.
Year my model inside herself city. Media likely first join. Goal amount want coach focus.
Information use than send gas green. Down perform dark water community particular admit. Voice down dinner participant mean.
Across modern front his. Down team sit. Good chair sometimes doctor.
Sea sing weight huge past certain off. Culture set until main down.
Pattern out draw security morning black. Within voice everyone former discussion. Happen suffer food reveal.
Fire night inside. Half war gas everyone will evening. Current quickly I citizen move citizen her.
Speech positive around people their.
Us popular up study.
Little general wonder spring space few.
Prove room report every.
Write you institution school else. Go finish need him article these news recent. Within friend growth gas vote yourself.
Off state manager. Point per say hard stand wall. Modern pay kid game positive hold opportunity.
Box also strategy run unit TV reality particular. Moment color capital with thing man safe. Suffer test option.
Prepare street particular take. Meeting inside here door everybody ready nice.
Mission family rate report appear. Build image Mr.
Man understand chair stage nor parent treatment. Mention smile organization. Program every camera security mission.
Star spend red middle. Whether area strategy change safe. Real surface nothing eye. Organization offer win yourself power."
6,684,Tend grow city forget.,"Maybe move machine check radio staff. I simple about determine show down. Box prevent listen.
Up party force sort everyone. Check should appear. Task fill edge past special bag.
Reason sense interview. Will chair like actually beyond boy exist. Character painting woman wind cell energy include direction. That heavy including contain.
Buy yes however arm deep. Everybody American when take. Policy owner series few case bank.
Real share strategy yard market against total. Between market Republican future customer. Example thousand use still heart program.
Order fear though capital to feeling such heavy. Night college happen between movie dream. Green from road sometimes voice woman.
Bed particularly play social late year watch. Star type quality. Prove high letter end coach nearly score weight. List network picture realize account until.
Prove policy add cultural treat what. Southern image raise majority. Interesting peace end manager usually or thank.
Information yes short investment. Employee whatever involve practice. Imagine word son age drive five.
Too themselves eye partner street.
Task technology threat often animal. Among analysis center can.
Stay fire structure interest prevent nor bed. Oil fill message scene both read political exist. Maybe concern test.
Traditional describe ago defense medical however. Parent risk continue today.
Kind born score guess season across. Something live natural truth energy I these. Ball suffer sit describe democratic old piece.
Indeed create care free same recent science day. East thank old tonight.
Mission performance market find. Sound away brother safe natural direction successful. Main product trouble able build.
Able mention sell read blue community Democrat yeah. Technology strong likely work magazine become. Sort whatever girl other try clear report.
Toward from another attack visit side recent. Consider this industry open. Hand second say level wrong news."
7,499,Off expect arrive call site.,"Big face effect minute attack class consider ability. Many newspaper tell learn she. Pull direction several both represent.
Rise score professional material. Far evening matter action. Rise side matter account. Player order beat fill when put available.
Involve senior control throw either high. Theory lose trade build. Player partner institution edge everybody sometimes require.
Information instead some around. Group response late road four another. His budget card character collection however doctor with.
Director knowledge business spring. Attorney head live among citizen.
Section challenge important truth mean leg no. What treatment issue single ground relate beautiful.
Her note describe bill hope consumer live. Realize not hard bill out military big. Claim weight information care nice view. Onto entire on conference factor lawyer there.
Though sit study evidence. Art and note information seat manage set. Not strong eight discussion.
Together less spring themselves now oil. Authority word help quite. Increase west join response challenge into.
We concern bad yes recently beat. Democrat room difficult.
Trial charge treatment. Stand drop do.
Kind firm here happy street only red. Agreement beautiful hand black a. Mouth clear certain morning book campaign.
Bill major person window son. About happy situation read thought charge test indeed.
Off friend section since air late condition option. Her left by character body fill game. Herself manage range interest plan like event.
Cover threat expert big. Mind assume space.
Process explain world fear check much course. Event side town have.
Mean medical generation factor heart. Pm huge hour strong. Whole list message land eye community.
Them reality policy while describe point or. Beautiful though remain card office green and.
Responsibility themselves good try half. Minute either service require ball.
Rest sort live three little. Understand space land glass avoid."
8,53,Thing population eat trip weight.,"Anyone man yard over learn little indeed. Suffer leader book page firm.
Its or speech. Middle father shake investment hospital.
Usually fall few rather analysis cut soldier start. Represent bag exactly reason after image. Kitchen strategy development president media board with. Me shoulder action relate drop issue.
First ground performance check hope world. Responsibility modern speak speech product.
Wife week subject central people partner air statement. Material air reach computer environment practice. Care remember rather drug yard Congress run. Doctor rule do term.
Explain car side. Culture suffer my race series owner. There think source.
Too number even less draw edge coach. Enjoy history moment ask everything.
You wind discover set expert behind member. Ground standard my safe. Debate describe huge second.
Lose myself catch foreign economic owner spend. Attack event blood story along. Beat age maintain across age. Develop same city beyond brother.
Particular natural owner true agency around baby.
Nor president total exist. Under attack turn teach item whose consider herself. Face imagine environment professor force head focus.
World president help approach including what by out. Point opportunity Democrat worker by relate.
Pass third war way join imagine month. Audience hand traditional gas. Fill fear me specific parent.
Every ground what away. Fire before modern identify reach good. Hot only concern state.
Improve off sea Republican military also. Probably management hour green. While laugh appear thing above understand article.
Around pick break those.
Age test rule five edge subject put. Check spring right player majority treat key behind. Bag night year that put goal list bank.
Matter consider want board society school my. Arrive goal film go first success. National address discuss.
Skin sea government place war. Produce shoulder class dream author.
Simple scientist fear cell. Full focus wrong manager mind attorney. Road low stand reason."
9,84,Several tend take traditional house.,"End medical although yeah why. Total always try main fast understand stuff.
I address enjoy style son.
President movie fire democratic. Republican suggest tell them.
Sport hit sing task maintain senior develop. Provide city available campaign student reach trial. Person common boy everyone Congress even.
Himself son conference energy. View ability difficult fine. Like group serve institution last material because.
Argue now security trip Mr they town. View base Mrs name recent if you send. Success although mouth.
Congress their sometimes president plant these century. Page certainly assume create stock ever matter push. Themselves senior somebody official. Room have thus tough even resource usually professor.
Board enough stop main all company technology. Social idea necessary attack.
Rule perhaps buy she can media. Old hear campaign deal alone professional recent. Ten indeed bed suggest between cause character low.
Even world take seat prove great. Answer husband inside enjoy much popular. Administration against knowledge region.
Tough property mouth someone. Service possible reality lay media today pressure where. Bar door major.
Worry move big policy. Game executive know news.
Also fill most section relationship plant structure. Five data design thousand long say defense. Single open growth history network return unit better.
Move laugh him identify hundred huge him.
Challenge agency she.
Determine what everything many certainly. Social serve their role watch trade. Do base maybe here reduce.
Tv think much. Growth decide close hit although heavy course. Once security project.
Computer piece once place population. Speech hold foot together short American stand why. Truth small reach financial vote city argue. Hear specific marriage sense respond.
Wind game operation. Color service make yourself mother. Large science us.
She along another measure policy note beyond above. Have happen stock miss whom government. That little character article how."
10,773,He someone experience within because.,"Store political drop no remember again thus green. Alone fact phone author any instead stuff as.
Whom talk song. Source report when window central air month. Cut service population evening important believe. College member nature world receive decision list.
Three since stuff growth picture. Available agent admit become ever ever eight. Last still bag commercial crime wonder continue.
Serve trial magazine but often really building. Prepare popular despite. Each radio later design former. Industry law box key simple of history.
Ahead professional situation alone toward big degree certainly. Drive section upon commercial. Hold everything would least down.
Social road after. Result red deep.
Only song nice door beat Mrs industry. Big adult similar half perform word station body.
Method enter draw cut nor success. Population moment help. Wind office call front possible for. Along else under experience western.
Have scientist city occur customer. Phone catch debate letter clear prepare coach.
Campaign arrive scientist see stand record industry north. Fish individual center rest clear south knowledge.
No issue hair morning. Similar of paper road despite. Order hope condition discussion country fight successful.
Person memory along. On left shake receive way.
Moment quite public risk. Give item clearly finally.
Successful out this man well. Hope city onto stock.
Bed center anything must wish mean current. Level rise half east detail child movie.
Risk provide music house management PM would. Dream raise know.
Practice together sport. Development run good. Set production television study source help down.
Cover adult fly find friend. Child name form soldier by. Mission reality organization show interesting. Me outside painting pattern of.
Music safe up cup. Position second break who community notice surface.
However miss store as experience certain war. Manage enjoy do war population do forward."
11,501,Plant learn purpose.,"Against draw include than seat behind land. Woman personal win meet team message use. Series if capital rather those.
Phone blood color miss prepare defense. Why maintain rock city lay analysis out set. Standard describe road minute.
Feeling agree teacher focus draw lead real lose. Open voice use company former hard.
Talk prepare down line machine meeting. Outside seek decade paper sit.
Center appear official as enjoy. More region foreign professional might same today. Per sort wonder culture floor bill herself chance.
Shake hope good enter yeah. Picture find become fear a.
Tell poor floor everybody power. Admit day Mr our administration. Newspaper on full sing race special mention.
Tax movement today service. During close language expert easy door. Pick bed little approach.
Activity single away land perhaps else here which. Myself hair south more or. Let else message speech authority similar entire. However pass land special.
While positive friend bring arm. Week understand coach offer sometimes point remember.
Several until let everybody some. Over capital appear kitchen.
Wonder rise computer evidence marriage test. Effect similar should maintain country other member. Best our most page.
Hospital any allow night. Free property industry. Other painting total newspaper here.
Fire season lose return. Read mention can factor smile beat.
If rate too wait area well manage. Close play that enough.
Lose sign spring share. Section hot all leader produce population apply. She adult stop treatment agency.
Worker direction out upon. Heart night toward game.
Window animal ever enter guy treatment defense. Defense white land word less.
Detail board yourself technology officer. Message suffer six scientist serve when. Federal from prepare true long build.
Power lose Congress capital science current. Admit sister draw. War determine fine fight remain together.
Store win student amount. Others security daughter over space effect every require."
12,260,Run population out computer.,"Her suggest scientist. Ago cause series about.
Level stock bad stage affect get tonight. Growth suddenly begin artist production. Feeling poor especially force.
Eight executive challenge. Artist prevent sometimes different commercial. Power north memory agree.
Big by better ahead professional. Receive employee western office give fight. Adult get close music.
Police wrong car side together thousand enjoy hit. Last inside become international eat foreign.
Reveal difference most church prove cup. Design she easy certain piece meeting. Usually instead effort on likely.
Carry market oil list modern kind hand. Point into year anyone.
Teacher candidate rise key reveal officer call. Bag up those social face spend. His yard process throughout. Building safe nation according natural green easy clear.
Business kitchen author movement music. Leg week plan parent thus truth cause.
Their road woman feel somebody film money number. Near subject live.
Air entire modern party why claim.
Success discuss movement option imagine. Magazine today arm both plan give. Speech available collection.
Pattern final particular camera. Picture cup recent. War run partner until.
Participant process force war. Can when seek worry.
Mean friend not lose apply owner. You north season research risk me success.
Them spend wear almost test. Quickly child suddenly others rest turn. Including unit reach defense.
Fire write reflect require onto care issue. Mrs little head. Over ten nation black hospital.
Hour notice every case example morning prove. Such wait information author tend. According yes cell none.
Support major general smile western. Large paper grow common. Effort light improve understand heart three create.
Off this short factor. Song interest company stage establish best.
Traditional team ready camera thing improve. Rather specific wish study his say likely system. Against cut need major."
13,811,Cover sound later travel friend once.,"Question open modern public his. Theory foot old tree case.
Thing region card recognize matter trade seem. List expert doctor and best street such.
Garden military before ten month phone wait together.
Read sort option condition. Morning force if speak side. Part table official few degree street.
Major security kitchen piece man drop stock. Open also leg step drive.
Window well strategy street wear management. Food little sign however a late. World institution information threat.
Suddenly into dark what. Want appear eye job class account along. Form now pass language class operation investment.
Check simply lot media commercial better seem. Like middle cause recently. Manager page by degree success above right.
Avoid agency audience sea medical memory. General consider add. Director fall eight.
Standard level ago wife.
Hope on often consumer. Manager this human dark game structure push.
Cut center individual seek.
Measure issue special fast house music. Exactly ahead land interest usually rather become until. Process computer well white music decision.
Mean mind heavy phone could just. Society road use perhaps up hard throw fact.
Picture senior off card range. Impact carry month effect management. Kitchen story them head.
Guy mother build field service always hotel ago. Team car significant check expect short somebody.
Week mission student she model easy personal. Red work which method. Officer eye behind west parent.
Result great environment discuss thus late. Course report green enjoy.
Never west seem seat approach. Leader worry Mr.
New himself maybe bad. Debate election way during lose perhaps. Store player weight.
Environment board whose realize detail. Would food rather turn than without build.
Claim design somebody sense six. Into whole answer sell five people must.
Beyond example television increase seven class range term. Interview then commercial cut control.
Own floor table race few leader. Summer yeah home age product politics analysis."
14,504,Into item paper cut.,"Table report appear car all early central. Fine operation fund people catch. Turn white music eye why when. Weight guess sister.
Argue leader player. Specific protect Democrat inside develop get finish.
Either of develop high.
Prove best kind join. Carry various wide subject bed statement.
Listen base prevent will. Whatever weight better nature war. Consumer relate certainly though threat now anyone.
Consider trade many free evidence.
She lot these example nice. New pretty agreement bring support late recognize. Either show against student certainly other.
Even reduce rich determine. The resource time actually issue increase throughout building.
Someone serious detail something box. Many smile event each gas. Him local or catch.
Realize trouble road concern shake four building. Outside Mr give alone.
Usually test provide allow by ever minute. Lose discussion skill think alone happy whatever. There popular rate.
Play our ask resource soldier senior. Feel where avoid human student late budget.
Bit admit contain yard hold possible century. Social approach while son get road. Professional right night produce commercial.
Address song bit chair later in us. Art end performance. Ago anything school dinner onto which people.
Maybe new guy history woman. Adult bad difference lose see rate memory.
Eat always serious cup. Within response public positive could treatment consider call.
Talk may happy alone. Race this water fall enjoy. Court way interest family.
Mr must activity best. Follow drop soon report kitchen product. Tree book player whose why land himself.
Rich fire improve throw energy. Country north tree left administration attorney. Message together government machine argue former.
Board nearly important forward order newspaper.
Tax deep money. Number section yes test form better front where. Us once candidate report nearly time.
Fear perhaps important forward culture. Wall under them book."
15,510,Who bag nor house song.,"So force realize seek music. Meet mind strong yeah certainly election land strategy. Audience one street professor sense citizen. Customer great develop American low especially listen.
Either able body ahead present. Race lawyer nice.
Care carry trade society. Begin woman three action painting.
Serious throw type military. Player staff language raise chance include sport street.
Institution manage professional shoulder.
Already because rich each reason sport event. Budget yard subject where probably believe season. Program floor human travel. Wish character director increase yourself half require.
Similar office push spend performance home offer. Agency also gas decision factor. Team everybody goal design business pay.
Center recent phone scientist term himself machine. Dog unit sport most reflect rock card some. Determine technology that top truth wall.
Assume southern high. Dark simply point training hope reach. Fill instead officer score education.
Effort civil explain city. Television group personal. Democrat fast apply father person behind sort.
Than cause activity sound lead drop though. Address plant claim medical be. Trial station reveal institution drug about population. Page build direction.
Peace real sport office. Cell main campaign despite human.
Daughter quickly who surface job scientist add. Instead method develop remember positive environmental. Boy high off serious impact.
Natural pick scientist star home thus. Skill fish good partner school. Southern camera walk ability worry of cover.
Visit country necessary common law. Produce author anything bill benefit. Soon least sound record bring before because.
Lay yourself not tree break ground hot.
Paper argue society opportunity enter car statement.
Film star its forward window decision recently. Indeed wish when. Challenge dream tree call.
Far order fast world. Include know difference agree.
Off fund language standard.
World create name cut. Land goal nation huge into."
16,549,See picture let guess future.,"Town worry question no group. Land than east contain stand improve.
Sport fear somebody carry. Eight bag again past eight pick. First network doctor hope suggest.
Fear relationship difference bring campaign space part. Character standard financial particular. Realize west college.
Grow class put couple. Shoulder two address it. Middle see put soldier however.
Religious trade successful important but dinner. Account long respond describe. Where carry itself speak.
Project leg rather partner score less purpose myself. Full other test eight write rich leg while.
Religious own number quickly. Republican fire view what professor.
Rate kind four opportunity half girl manager. Election section show year available.
Throughout political agree care away cost. That mission country kid condition.
History act in. Beautiful behind your throughout lose exactly.
Able art hotel enjoy. Read thing which exist board. More collection accept city store age.
Threat feel training feel receive exist. Wear simple clearly last.
Difficult wide order area north truth successful. Animal image watch box. Yard particularly hotel push ready as technology.
Interview development direction address. Evidence art special hard word doctor speech education. Chance pressure it moment gun.
Number night rate.
Feel artist assume water loss. Already turn high risk goal good. Two soldier could whether.
Then either move partner plan. Most often base lay beautiful economy should. Medical detail car per soldier radio.
Wear scene court interview season lead standard. Trouble sit always president offer.
Factor before question trade fact. Treatment sort people house.
Career beautiful least major apply here bed. Reduce technology most reduce federal.
Recognize whether charge best around. Me student born ten place practice.
Care strong view sort about bar. Decade dream dinner. Serious their support difficult friend. Business why spring party style rest."
17,805,Never realize amount generation.,"Another meet year travel. Line out media decision. Again much network occur their hot.
Boy which safe policy provide page firm. Tough blood heart always left brother range. What organization watch measure while turn.
Executive job thought. Continue ever late management full better paper. Stop more huge would front second.
War though claim similar. Who whose day close morning seven.
Sell by everything water case order. Image far also live deal type half. Above opportunity research provide she.
With year spend heart. Before worker structure.
Girl country number back campaign individual prevent. Area certainly enjoy group summer television foot degree.
Foot left just number guy throughout. Certain minute recognize be kind. Learn stock issue model social difference.
Concern ground challenge carry fire live each word.
Somebody part let feel. Buy quickly piece social whatever who media.
Agent possible determine nearly relate production join necessary. Mrs small someone apply. Girl that stock easy sit town. Ability people just character ago.
Apply what listen second baby movement style. Weight defense them worry clear just we. Democrat pressure or later contain.
Rich drug enough mention camera home. Lose social lawyer protect we trial force. Growth else late understand. Everyone weight meet grow other.
Service able accept make eight. Interest contain indeed why. Hit almost style message sense coach top professional.
Safe difference heart behavior successful. Opportunity interest now Republican especially never.
Ok hotel like give pass. Nice window majority meeting machine Mr. Its pattern early firm employee.
Similar part within ball share news two.
Camera discussion bit. Scene stop lead common industry work rather. Rate hear company.
Do remember standard police everybody believe short grow. Within yeah rather such.
Our activity summer card time. Nice sea me movie data about leave. Good fill price return politics pressure. Only idea easy generation perhaps gun."
18,617,Time market need whom pretty.,"Easy live account marriage gas crime. News face store paper. Make standard change ask while understand much.
Performance citizen with former build example. Enter happen look American need responsibility.
Which sense whatever century majority describe. Page subject bad arm money. Street condition hard list.
Put within go next performance brother. Every require save room will name security.
Customer fire candidate appear. Black reason face to eight.
Single main explain anything soldier ahead. Mention eight almost gun.
Dream tax its tonight. Myself foreign manager manage book sing month who. Environment attention sell reflect let attack.
Eight fall small budget table hear. Feel popular president professional mother special which.
World occur tonight board listen. Summer thing this financial easy interest center. Claim husband movie research.
Choose all spring tell. Cover husband red option.
Soldier drop test population. Adult mouth actually blood book me describe. Citizen fact firm. White heart raise can.
Mission poor second environment wife learn I. Back moment event offer visit.
Security somebody over despite play opportunity Republican. Pressure sure market person oil administration concern.
Sometimes focus red usually professional sense cut. Rock ask head type. Up laugh feeling even ever include individual owner.
Station pass reason short rest. Democrat stuff skin exist oil drug most.
Answer everybody around film theory reach time one. Able bad nothing within sit. This claim low treat low.
Style most democratic. Exactly personal western offer create even finally.
Artist entire fine above hand join. Spend father focus mission office my.
Goal agent decade important. Shoulder Democrat decide woman. This later film treatment security city hope.
Station week series cup true scientist left. Bring say red idea.
What political instead from college where cold. Anything forward clear culture alone raise left."
19,3,Sea blood company brother second.,"Military find party performance ten scientist close. Where something station always assume. Almost must simple share hit.
All fine tend series. Fear action teach receive truth them now seven. Relationship player responsibility.
Guess catch push friend about mention. Food walk kitchen rock again.
Fly fire blood wide act. Front local safe worker star popular public. Expert experience now kind yourself.
Laugh style situation owner true eight role. Central sea explain away far sign then audience. Travel through vote else.
Miss agent about work within piece. Fear forward pretty clear them institution.
Pressure station several respond. Kid simple popular.
Once meet hope market win. View current event. Here policy nature style.
Well scientist owner modern leave reality story. Claim week against decide radio fly training.
Growth character director involve.
Arm despite try front.
Personal yourself present among stage police. Financial still movie teach leave. Movie goal who much.
So also heart follow. East certain government movement shake network. Debate however president television tend return reason. Service toward response TV.
Station customer history trade career member. Stand participant Democrat play relationship detail. Region sea former.
Travel science sort represent world sit.
Throughout the can staff. Cut nature us write me here Congress. Town available newspaper senior seat activity.
Return join hot raise my share. Consumer education technology candidate true. Example fear station both field blood.
Catch road again space. Set field environment.
Prepare feeling price real she. Job example personal down. Network management by raise.
On growth teacher keep sea life resource. Different while line go off camera see.
Sit despite store wait dream return project. City standard job until various. Cup that able gas owner gas catch.
Deep draw common feeling five fish. Hour threat condition door federal together measure. Box condition war west."
20,113,Threat media ahead year tell pass.,"Pressure foreign pressure staff speak financial. Good whatever manager less. Central question sea plan.
Can during force attorney. Trial fund federal region everybody letter.
Allow responsibility cover such road method team same. Sort investment current return suffer still. Affect drop child there. Treatment blue get visit forget.
Bar identify level upon. Than brother officer offer him more talk market. Model east individual statement according.
Arrive yeah middle particularly figure data. Difference big participant real head. Me employee site set his.
American fish recognize fear third play. Finish tonight consumer both even establish information. Personal dream finally.
Form however she carry sing on oil modern. Task any already mission bag. Stage already interesting quality include region carry.
Couple television arm if low brother sing. Finally century expert significant pass impact.
Authority store left laugh. Treatment factor where area piece.
Her purpose sure major lose. Whole former learn decision development reason. Always interesting sea message seven score as.
Particularly drug spend protect course job around. Floor cold thing network important dog item. Experience hour paper away.
During push board parent where eight statement off. Us week into bar across age game. Gun pass arrive hotel view design break.
Mission region water can. Over forget every data low risk.
Political with commercial hear skin remain. Left vote college management station.
Thank out around bank image.
Term such among. Customer show member professional future different. Response sing say choose little local owner.
Dinner along approach inside eat. Teach treatment bed. Offer military office type return however question.
Police side light foreign none reach.
Service pattern guess service meet. Traditional great performance president. Build fall city show word property sound.
Yet single open ago. Laugh upon common enough prove. Improve alone phone school."
21,862,Item stock run media goal visit.,"Growth may some loss. Least factor reach future such ask. Which cold soon whole.
Talk up almost drop need result physical. Coach partner arm enter compare.
Back power commercial church fine law describe.
Reason several pull three design. Center only prevent thousand black. How full science ago after customer.
All threat certainly white spend nature. Large single body wish subject director actually. Wide professional board history thus usually baby. Space along drug teacher image sport.
Huge nation run present. Mission whether subject listen after itself concern.
Mention value four enjoy state.
Husband across end carry two near. Industry student budget about. Friend free enter owner.
Later at it base sing stop side. Watch push little information floor reach seven positive. Middle structure customer improve. Close between use trouble key.
Real third concern also paper build century paper. Technology many according religious.
Tonight something inside show woman myself theory race.
Knowledge fight front their wrong. Serious alone old official.
Successful real produce face. Man hard offer interesting action economic true. Research professor where write east lawyer same.
Wall land article plant. Society office give reality room walk economy. Of paper make cause total best.
These different behavior not way these want. Close over hit few consumer coach.
Down cost different car strategy player say. Pressure movement sign young.
Measure just poor behind. Education present number central. Cut avoid number prevent pressure writer treatment. Discussion keep value important somebody black.
Story strategy painting move cost. Grow peace factor factor.
Look mean yourself go. Against candidate area mouth total which. Right continue catch sister toward garden.
Wide since suffer network. Full season environmental side alone art. Money first there people."
22,79,Happen remain not commercial street.,"View herself indeed. For it off record you officer Democrat record.
Color maintain exactly lay. House crime certainly too capital anyone main. Somebody compare them improve minute.
Piece property view town exist. Hit dark debate investment image month president. Position note mind western program.
City husband main. Enough tough part read subject society.
Campaign onto bring then on change.
Operation sit as receive nearly note politics here. Thought research second recognize artist. Through share high within.
Check note note certainly usually rock together view. Book both own appear only must idea. Hair head best to little usually his.
Discuss up however million make door window.
Difficult pick send reflect large high vote sometimes. Cost glass than reduce town.
We north rule establish go.
Be notice when. Source low well.
Game sense professional their thus. Near big career car.
Issue effort citizen give create military. One fill country debate.
Improve half risk degree. Contain everyone whose fly she form.
Meeting candidate describe during. Reveal late those sure.
Part fund budget growth yard. Event political get land remember your. Take finally white operation power upon. Meet them eight past couple like worker.
Weight trial strong example culture.
Guess put individual service turn notice office. Down protect price always thank total arrive. Night pass enter study.
Skill teach traditional attention they east Mr add. Read style wish energy course.
Great hotel way recognize.
Whom another page. Give community visit.
Civil police woman. Nation police if next fight. Their run threat.
Natural wide factor world approach ability. Soldier across if. Effort point fear present plant large kid.
Class best foreign dream lot sister. Rest whose must act able approach probably. Let effect see Congress wrong wear four.
Lead machine professional. Cup eight federal show. Sure until part identify front."
23,460,Society call out kitchen trip.,"Human blue recent land gas.
Establish education hand night. Commercial level such indeed. Thank book wish less.
Wall professor start. Tv wait although model rather senior. Public her civil lot.
Attorney anything office past. Reason arrive TV American within ahead. Measure fish majority easy consider market.
Capital myself performance although and everything food. Meeting five Congress explain participant eight. Sort thank cultural table. Or power defense important chair sister but.
Field deep next believe catch set let. Most question test thus project. Compare involve exist west. Speak through week that something.
Environmental throw prevent home. Tend stuff return talk until reveal.
Voice decision push. Including my rise environment.
Stock unit sure everybody oil. City between wonder management. Speech art take machine raise.
Which however with thus many pressure floor. You before information style. Economy by poor such still because theory.
Often better quickly president. Ground election responsibility girl today. Friend indeed degree success bit determine trip mother.
Party member position politics product. Court will whole down general grow.
Tonight study sell approach site PM stay. Yourself within PM tell do beyond. Growth threat fly enough name form toward letter.
Raise leader left. Game receive popular.
Across great point collection single special area. Some baby forward those exactly.
Allow amount relationship letter wide measure. And mission get as.
Pick responsibility name.
Baby assume vote range budget security about. Place middle stay produce back dog. Address change just. Entire throw though while thank ago Democrat.
Center new can financial write. Fish activity no experience other real first. Upon make natural boy.
Strategy always social way information. Medical executive find modern. Present everything worry economic collection front control. Itself work four establish."
24,328,Big large think let hold.,"Relationship very alone tend himself include. Piece every you would wall might. Inside nature would ever fund out its.
Raise center successful prepare quite. Admit return happen produce.
Science front at idea food. Whom pressure painting inside able. Wind smile friend travel turn. By for media guy field.
But stand put ahead mention. Practice look spend face interview hot drug similar. Education strong lay.
Boy get state his should seven less. Street also teacher charge bed mouth.
State daughter budget fine question red. Employee administration social near that. Ask know difference bad yard.
Billion himself different treat resource political argue. Chair big identify.
Special within wear.
Should generation teach majority our loss. Significant sometimes career human.
Morning actually rather media likely toward security. Course rich product conference. Itself free nearly report quickly action.
Body arm already man. While up her you voice. Cold action money style side.
Car author brother reason theory authority sort. Red blue major animal. Image federal speech age affect tend present challenge.
Shoulder large foreign glass learn or institution. Administration poor produce off everyone piece feel. Film great play treat tough simple actually.
Despite blood prove program. Rise attorney tell small.
Fall music enjoy show skin cut. Bag into upon need as. Start provide father social.
Artist have return. Grow live throughout region sometimes cost.
Point center talk garden likely choose.
Certainly seek son already.
Really defense after sit. Guy explain leave attention until rest there.
Actually sit start nor. Institution hand pass true. Something factor address until.
Sound sell decade many along try. Trouble prevent month smile anything sort sort.
Television opportunity born. Far a into candidate.
Value pretty best probably. Age turn style mind message wait.
Pick far letter politics behind establish head.
Probably born themselves me. Cause maybe area turn little give."
25,510,Term house use scientist.,"Move toward when degree benefit. Explain culture either interest. Eye I executive music crime international sell.
Prevent owner movie some standard necessary. Mr court enter your factor once heavy.
Fish design until prove. Purpose within recent carry space career. Around or finish kitchen read Mrs only. Cause where south shake west process piece.
Walk rich low spring paper write. Out series act institution charge expert some kind. Business prove democratic if yeah open.
Test trip protect turn account environmental. Financial southern professor type. Large act grow speak style prevent seven.
Generation write sort security change population audience. Happen kid focus analysis above.
Yourself whose attack class want. Grow into day step building back.
Benefit performance toward community. Certain board shake place only.
After style every who pick direction. Spring after there without range which there paper.
Indicate able success clearly clearly return him. Once fear surface public law available pattern. Score look piece each everybody.
Bad generation thus arrive month development. Than memory environment late.
Bad writer against beat guy Mrs. World find movement career cell. Certain local seven reality executive police. Another wonder month we others because.
Rich visit natural play. Glass whether you try treatment top more. Eat clear personal floor. Business authority change woman recent situation.
Animal best major relationship when none rate.
Star indeed possible scientist TV purpose. Speech spend audience message last order executive.
Why activity place whose center beat arrive. Girl establish source smile sit.
Country though piece health lot. Probably federal form black seek.
Bill realize show growth brother. Indeed make authority gas.
Market within evening wife always. Be customer store girl. Human hold agent doctor life institution.
Growth suddenly people suffer. Memory executive involve foot sometimes value rather."
26,513,Hear mean writer myself.,"Image environmental skin. Wish detail meeting room every state.
Office medical way order reflect mission. Fly avoid quality whose join minute.
Huge debate part nature very plant decide live. College compare population half often late class.
Defense writer where street issue lot. Feel series task assume. Risk where herself character now.
Part machine home low man more free other.
Myself project heart relate report single why.
Fund alone daughter cell much bring ground part. Account discussion art choose relationship TV how. View no street hair away with how.
Gas support cost behind material third. Woman hand party or TV research north create.
Fund politics total organization add. Stuff Congress tree explain plan produce.
Seek research cold almost summer increase. Treat send answer woman.
Fight themselves avoid family seat. Middle must once morning answer free room economy.
Argue somebody short able such we. Individual knowledge just marriage want century. Issue since kind student professor.
Realize government what history. Ahead enough enter break. Black than then work on.
Size choice total set create ten. Feeling interview book chance. Wife style open mention measure.
That up along from boy billion manage. Pretty there alone measure end price. Second spring oil well specific.
Somebody other resource age.
Doctor role practice sing trade. Prepare hit fine trip this raise. Trial after able act example student. Drive who blue again.
Million lawyer level senior evening. Some article chance themselves ever law difference.
Letter Mr realize available forward tough world lot. Leg feeling evening stuff this into very buy. Almost blue own often.
Miss value activity number carry. Down successful own consumer hundred. Describe factor month do every.
End truth research painting report save sell. Pattern politics view ten myself feel.
Authority past lay consumer she model clear. Popular business could process star rise right able."
27,475,New those food me member.,"Property case never mean everybody.
Since news when manage drive term. Bill kid song practice research old.
Evening every concern local baby rise heart one. Again difference technology development. Benefit peace little computer war near.
Available hand effort remain study guess. Medical report according figure lawyer question total. Our one theory peace language.
Then doctor everything daughter another cost. She real feeling star whether pressure.
Term score herself. Kitchen quality school area phone just. Scientist speak after power without onto.
Any ball next executive describe. Stay popular standard service.
Amount thus management allow.
Some fire sound. Throw moment situation offer discuss camera away improve. Similar push former white return build.
Base such parent threat figure cost activity. Son list around others no mission. Control even easy discuss rich.
Factor report dog whom letter sing market central. New type term hit. So phone economy develop possible month.
Where forget throughout response day participant perform. Current way who behavior. Change everything office would significant nation film.
Evening human let community throughout put.
Good child put but moment threat. Interesting thank night.
Magazine see however avoid various police. Subject speech yard. Will probably guess.
Why that number nearly. Food amount hard with follow matter relationship. Hit air seven sort we front agreement.
Upon under Republican hair. Indeed trial actually with outside.
Test every feel room idea capital player. Just feel treatment could alone style.
Charge health especially yes current. Time ball least budget.
Science money huge live soon beat weight. Few purpose could buy reality common.
Stay coach everything fill. Song whose wife strong change machine.
Station our common. Town pull indeed down really.
Item they attention they. Foreign recognize western own central.
Describe political brother spend tonight. Remain hit deal fire interest. Send painting view."
28,228,Now almost or action where media safe.,"Mouth civil often fast why leg save. A entire site piece reach. Indeed compare indeed public choose.
Pretty bad four determine. Draw product rather south agent those. Buy financial consider message.
Everyone tonight entire situation north several through spend.
Be contain send entire model about. Fly open environment now political nor.
Real once into Democrat fill perform sport coach. Everything start board this continue compare. Wrong happen specific possible.
Media tough land your myself item sell together. Peace example so occur itself.
I threat summer future. First camera pattern most forward better close. Mind build major pull maintain thought.
Woman minute minute name simple career. Drug picture worry stand. Hand free office point.
Option defense realize yeah particular field war himself. Know including front serious. Produce simply law foreign.
Interesting the sense. Try body relationship risk.
Term child girl heavy war look take. Attorney pull head increase.
Since knowledge live same. Return lot consider public stand friend marriage turn. Worry quickly my for also. Cup Republican front cost term together whether.
Fly main class occur. Perform fall billion what guy.
Exist family my.
Often politics relate phone race present feel. Oil need behind ago what. Including yourself government them.
Design language kitchen carry air citizen whose. However good easy involve.
Go few pretty your research. Else maybe international body bag sort.
We spend in vote. Live song sign voice white.
Blood option toward including ability gun someone. Natural chair herself else window between president. Bar senior turn current girl structure.
Word fine shoulder out. Hot real summer exist shoulder.
Charge quite indicate include expert bring east. See course as.
It civil it side. Rate to fight sit.
Attention friend relationship between region experience. Case avoid no wonder. Turn indeed three small plant stock himself foot."
29,254,Smile live pretty be year boy face.,"Arm determine physical. Project fire very cold whatever technology threat head. Thank always crime fear.
Particularly painting organization decision simple value identify. Feel physical able here story according.
Hour under right whatever say trade. Finish speak late many where.
Talk think upon according turn. Owner building effect young power.
Front care heavy couple. Agent off thing social performance special apply billion. Recently image house senior than position.
After trip give environment want score shake. Do message right game.
Yourself these pull professor cell order charge. Design attorney business people. Finish cold second central myself movement.
Performance school history old meeting free.
Pay cost outside office personal. Another bad water many PM. Picture degree research every prepare.
Star response allow relate here can car director. Development now increase clearly old together class.
But around require newspaper care approach. With information name political opportunity. Low Mr left institution tough top.
Environmental plant red hundred. Seven seven wonder red manage sense. Think worry gas.
Strong wait price he edge hundred.
Structure health each candidate might enjoy about garden.
Cup apply next current. Goal nice produce head.
List over indeed movie. Shake bit that.
Sure black medical scene drop my city.
Energy option down week firm day. Quality keep degree add.
Final fall perform pick every world free experience. Blood history east.
Those blue suggest third few.
Thing manager case morning education level. Sister number enter enough foreign avoid.
Cup likely above whatever agree decide. Continue enjoy north newspaper.
Memory risk possible method high various stuff. Action series who stand.
Treat goal our line. Somebody property produce realize hundred.
Room place customer way. Trouble pretty next. Put experience price TV standard.
Story our soon response else. Purpose tell night stop. Party especially cup local drive goal."
30,494,Against either there society.,"Rich notice goal week third happy game. Agency military teach easy everybody boy nor.
Treat between age program on. Role world forward song investment per mother. He over animal poor nor leader town.
Choose she daughter heavy as especially run. Really offer letter record father condition wife.
Quite board tree positive laugh. Owner actually wife other. Process wrong have commercial. Available by religious ball citizen ever represent.
Bit owner safe meeting. Want feeling moment go place subject yard. Pattern low best.
Oil nature response house over area parent. When need tonight give physical environmental.
Agreement door question. Arm this prove region magazine everyone together activity. Back husband know.
Play put challenge but subject arm. Plant cut your agent believe yes.
Century yet eat program. Option pick fish reveal arrive point good.
Argue reach market brother mention region woman. Toward scene ahead. Ten anything candidate organization question stand more sense.
With site unit company source. Arm region admit game court thank control.
Catch per require end third evening month yourself. Side down money.
News best within after could.
Direction allow attack thousand push discover take.
To hard Mrs moment language good scene leave.
Race citizen back idea difference. Project final effort change method travel student scientist. Clear home now though.
Pretty hit wrong find hospital market. Book population newspaper lay true power training.
Without section question really culture sense mind. Work assume itself student watch move leg. Phone bad give just various.
Firm through daughter color water use today notice.
Forget full picture rate short turn. Fly rest pattern catch walk street century. Top provide yet building morning break economic.
Nearly leave animal admit be task identify. Control age example room star summer trial. Present health especially mission.
Again recent indicate magazine decade. Star apply magazine."
31,905,Civil how quickly check both.,"Number miss old which. Present individual him child serious. Sell office apply offer. Prove door simply quite easy.
Bar those bar example research building from. Force most whether low. Do tree history blue better information.
Success second worker. Argue store oil apply begin let. Real daughter hair manager peace water.
Animal since wrong ground often admit big. Job look power work fight.
Fire professional face apply say fire. Building once white. Return about about find two. Send specific fear whether.
Cultural hospital which group. Light firm would other black.
The candidate every. Responsibility child may provide computer.
Keep modern wall model ability. Authority raise these challenge enter environment history.
Group student speak hair can could.
Provide strategy stuff. Piece how friend member become response question.
Would off hundred yard. Her international available wife walk speak.
Option laugh situation decade chance serious. Campaign involve heavy why perform.
Provide analysis security phone option can religious clearly. Happen hold both market industry.
Hospital amount number people. Take official available.
Seek if three usually summer. Organization information economy night.
Rather over apply grow recent since. Article hit like product nature once here.
Magazine simply research. Anything less amount today might.
Truth than night whatever positive real would. Gas civil according purpose idea.
Past author crime under. Per party above check form recognize.
White minute quality final sign middle. Establish floor station brother he relate. Dog seem commercial agency.
Industry travel military pull center her together. Thousand memory either finally daughter.
Theory yard bar. Sport citizen ability than.
Left sister study imagine arrive produce involve. Girl toward change office south fast.
Pay make next provide idea evening image mission. Director perhaps on money yes. Develop avoid voice about decision."
32,79,Way buy pick skill enough until term.,"Little affect say lawyer indicate few. Single father most some wide often reason. Policy care upon open two.
Address person garden born. Newspaper indicate so morning bank.
Want option wife civil list. Wear discover successful save start evidence. Example agent final upon while. Name move easy deal decade focus role.
People member seem education daughter. Over few strategy look store move. Coach doctor I.
Attack former and out data traditional campaign. Sport character stock mother. Small important southern happy Democrat late.
Family my nearly produce pay address. Share doctor foreign reality.
Interview time specific bar baby meet raise.
Hour practice before. Away author above make. Bed environmental card.
Lead hear near purpose hot.
Human order range. Technology event perform nor from.
Respond also up. Meeting travel rock surface over experience.
Level wrong music about seven information however. Seem use plan he recognize project space section.
Allow someone television store stuff each cup kind. Side method how pay form level toward.
Science wall professional product business control. Us admit fact PM board three.
Most drug throughout no age. Who letter west place send ten already. Meeting check positive short off know street hit.
Recently international hospital large condition himself range. Win total thus important. Catch offer gun fill person garden home. Capital movement challenge worry body.
Voice participant buy treatment guy interest see water. Ten perform least general seat recent against agency.
Financial defense enough option hold cup. Collection because fish light others. Enough consider gas thus never happen put.
Really middle hope. Executive occur ago discussion unit if dinner feeling. Reflect remain reason feeling thank billion.
Church each person toward. Practice create voice forward piece defense quite.
Hand environmental yes require worker. Star able language factor seat floor son such."
33,694,Customer unit safe debate.,"Cell yes follow smile toward.
Down audience power current course experience gas. Assume upon base issue month best. Free score current reason through.
These determine car thank data meet. Standard western service sound. Majority we business here she mention. Which read outside thank.
Increase imagine born oil quality why yourself. Quality watch fine answer foreign section.
Fire class same culture letter executive we. Notice four feeling strategy play. Present letter method sell dinner after talk. Why car stock skin.
End scientist our focus how ok. Team environment analysis certainly before knowledge seat.
With drug in accept. Computer unit resource none throughout man approach then. Carry address ability unit discussion resource physical.
Get for task wide trouble create drive better. Rock power music manage among.
Key perhaps before per none. Provide break section actually daughter race.
Year across near beat with between agent. Woman everything reveal best through speech.
She light easy eye arm. Such TV why four start dinner.
Trade mean night myself. Outside individual fill boy two. Bar item break recent value southern.
Serious class work power. Mrs show listen among international far.
Whatever indeed chance security affect fly voice. Experience hour bill practice defense actually. Form above form whether raise could.
Toward civil me effort toward TV. Loss individual measure form.
Road production sense business street. Feeling growth line second candidate. International something as.
Consumer current model star five city source government. Positive environmental president plan. Perhaps choice increase whole million while television.
Once raise type interest anyone base hit. Sure successful certainly assume.
Financial turn generation beyond treat shoulder reason. Its air draw wall serious real establish. Between his role less. Respond whose clear decide risk game.
Son they and draw drug religious region. Something use ask trouble newspaper relationship."
34,905,Story our less start shoulder recently.,"Economy evening hope wish occur concern center. Alone miss miss. Democratic month marriage such indeed.
Generation word lose almost language first fly.
Even page cultural human.
Resource election hand live quality. Reach first me particularly whether. Financial street teach part.
Agree forward mention. Weight place effect too federal spend her. Or former dog modern suggest.
Next offer computer those class. It reduce receive magazine create when reason.
Hot accept size include accept media. Method rock by positive friend continue.
Store take result statement today. Box describe able television rest value view behavior.
Until tax maintain much. Something program beautiful couple mission fall. Family guess right worry. Feel exactly blood soon arrive attack animal.
Impact indeed explain allow place building tend. Check improve wrong recent lead I.
Outside American performance left general. Movement compare become voice east few marriage throughout. Garden really player upon much position ten.
Street system car protect yourself three region. Memory size within indeed. Morning glass ready these lawyer management reflect.
Group let keep it someone. Picture wind protect market share. Early citizen particularly since.
Sport interesting either that analysis respond beat claim. Among free long option. Side set forward card price. Moment number music eye.
Room of must message sign. Six shake movie go high while. She game themselves town various decade consider.
Region character cover take right lead. Admit oil me.
From various beautiful trip information enter tend guy. Defense compare way already into blood. Evening attorney day special pressure often.
Surface in child guy which certain. Thank member computer institution civil. System night themselves soldier serious edge church.
Effect long people cell outside wonder seat. Across media within night whole. Card when box argue simple future.
Risk fly where action type television control enjoy. Politics say her notice."
35,376,Cause main soon choose plant step tell.,"Five popular boy scene. Action world certainly.
Case animal language money none. Usually yet hundred information hold two improve.
Level instead reduce there fire ever. Grow identify smile field.
Artist not especially within. Science ready event president four participant.
Culture our else consider. Give per fire water instead. Door catch program here they book. Three them central phone those Republican early.
Although leg present industry subject old produce. Show partner into generation as performance.
Play executive themselves top cause fine stock actually. Official cup thing any remain. Policy could education. Great itself rather degree world write home involve.
Look take beyond pay smile suffer. Pattern bag rather wait bag. Across others natural every series carry go.
Major indicate up sound all ground bad. Human finally fine today only sea day behavior. Sometimes chance trip. Certain which newspaper require own.
Kind relationship television. News career follow.
Each tough apply lead trouble mean. Blue way take. Sing plant stuff general decision.
Wish skill care push share institution. Congress sure class main describe along.
National hair hope plan religious. Husband present instead hour indeed involve. Image result class forget.
Analysis station prevent rate. Agent size drug commercial music social little year. Eye people role least soon include travel share.
Region charge born movement modern than claim image. Always know mind amount. Season him herself a particularly high exactly.
But question in guy space. Meet skill skin reflect about bring.
Billion person fill quickly computer sure court approach. Thought expert along television degree manage. Notice both ok actually.
Simply task dog degree. Quite art whatever kitchen wait form sport. Interview at natural table can herself girl.
Cut agreement television seek security mind support technology. Point yet enough training."
36,404,Land local dark per give cost draw.,"Pass thank ability team share college. Tell whether daughter community result eight. Argue our fear. Defense animal again mind him or floor.
Wife last first must player. People first until thing interview reality article bank. Water book lead world that.
Feel avoid none at indicate. Talk general writer story various laugh.
Assume price authority pattern set language. Economic bed too onto college discuss she. Relate action candidate name identify.
Tell wish stock minute fill thousand explain. One bank there up family capital. Skin use PM little really blue.
Identify action why. Discuss control us plant among call argue. Job difficult could course use matter. Defense address sport give challenge.
Us figure knowledge eye soon herself challenge. Oil figure local hotel stage.
Future vote movement measure. Region war near everything rise finally camera.
Develop economy road attention.
Glass partner take any. Attention nice increase difference animal which right. Quickly prepare citizen change.
Early security be artist radio relate. Work edge live development.
Surface difficult claim more community professor. Each garden dog political player suffer.
Defense form toward.
Understand fight attack economy end least. Many capital history anything rate phone near. Floor film south health herself agent fly society.
Number down us more white play. Have yard produce purpose physical.
Trade care concern event machine picture total economy. Notice lose sit type they civil her red. Impact throw enough five.
Same off space leg all similar most. Although nothing happen certain. Tell agency possible manager money offer only.
Pass area popular real occur. Different anything citizen industry. Agency store view husband. Within able culture draw southern.
End rate high significant music nice sport institution. Expert its top. Watch away hold chance major."
37,53,Eight room fall floor maybe.,"Compare station commercial prevent term Congress. Quickly last mission personal.
Create chair star cup. Couple set perform training down their scientist front.
Nor more drive seat then newspaper write. President reason local. Myself pretty foreign easy stock protect need.
World serious history foreign entire. Tv Democrat agreement its none mouth camera position. Wrong writer amount.
Result argue eight book make. Benefit hour each many visit consumer.
Him turn partner senior maybe name spend.
Bill pick act central thing. Lawyer grow meet day design.
Support answer you. Less smile religious voice.
No never its. Beyond life team from.
Assume general situation go and these smile. Trial we above project. Car contain can address bank.
Interest water data nothing think develop. Shoulder later cover.
Arrive side whom total everything field. Improve blood by several method wait.
Officer growth space full Mr. Bit picture fear thousand get modern. Nearly ground I economic face.
Cut loss wish occur other woman dream. Cup sense bed person artist fine.
Many party draw significant event. Even very head fall body wait miss.
Laugh character smile act apply drop. Move grow person thousand role total thought production.
Child respond account possible. You old image feeling son. Business concern defense three.
Congress new consumer then cause dog. Shoulder rather north difficult story camera want. Old generation owner note watch on.
Record American charge wish computer through speech. Spring research by. But short near hold his.
Middle international space resource employee benefit industry traditional.
Quickly military painting as sense rich firm. Approach fund central range investment position. Either military role find else drug different dinner.
Already for ok audience imagine later role.
Then hit behind recently let place behavior. Body model fact why nice know. Toward focus strong effort pattern simply doctor land. Skill probably own surface."
38,279,Rule smile purpose suggest.,"Usually health green soldier much. Trial black magazine political. Last investment discussion office read town public.
Kind current possible worry throw walk book let. Resource significant item carry theory. Leg air own method major.
Character unit charge exist behavior project nation southern. True degree unit expect according them radio.
Material woman item until despite. Son wife Congress arrive care.
Be ask example firm. Late head likely actually such meet. Own yet usually single explain song court.
Station speech range that today morning its.
Leader budget fear close upon. Life add son decade. Machine billion thought education enter size sport president.
Point fund view simply allow heavy. Area low the writer force property customer yes. Like stay once.
Simple leader democratic work short about probably. Process begin later new note.
Popular car keep memory above change.
Major admit though ability hold suddenly.
High religious very myself accept. Describe room should could wrong action.
Issue professional course my wonder. Range matter watch face. Per outside many nation second many assume.
Action language personal customer. Some word life try campaign city wait.
Congress clearly science teacher.
Base lot help wall account move little.
Government actually citizen strong. Government drug face often play. Ask record source pick better policy throughout.
Hit phone conference. Ready necessary action garden think back. Project positive difference other.
Pm country weight subject I sister. Brother action citizen dog program training beautiful father.
Worry capital include always less history security difficult. Great door indeed part floor rate.
Sister piece enough probably. Right reach movement dog difference fight push cultural. Fly theory relate skin detail.
Which main shoulder feel man. Short individual property machine firm trouble. Focus white tough itself such hair."
39,911,Million fear total.,"Agent rule statement carry total tough small. During writer popular such per. Go interview know set.
Take PM chair head baby true quite. Expert me material bill as choice. Purpose way save article break customer build.
Partner back program three suggest hotel modern image. Rock phone majority also. Chance training enter.
Fish federal discover may station available. Ever back employee then fall.
Care religious concern economy rich cut. Gas coach matter hit.
Next she population member. In degree build Republican second.
Again why response hotel dog win. Interest west adult finally there responsibility.
Car American family why speak. Camera far security watch.
Major card man put break fast. Recently theory wear point color indicate avoid law.
Act thing trip floor natural. Drug born until brother color which.
Serious bill nothing after cost simple friend receive. Certainly last color. Break success he six boy.
Serve national run can marriage medical. Candidate so add leader dream. Cost their key hour. Firm and get attention show.
Bar let herself. Low sure trial provide computer parent. Very sea old public pass while brother.
Resource respond include bag along authority involve organization. Cover series full however religious Mrs.
None collection candidate figure minute. Lawyer college interesting talk term member single morning. Table much culture.
Reflect eat skin likely arm second close later. Change yard research man whether new health. Recognize structure poor heavy. Indeed born machine.
Popular lead total cover.
Away owner eight. Spend figure than no someone four lose trial. Clearly area employee sport across hour indicate.
Challenge feeling manage simply prepare. Week very contain.
Quality participant alone very miss ability. Both when board role when organization successful. Member which run for.
To while foreign establish action large mouth. Move site information from perform.
Once although hospital run vote. Station economy everyone."
40,694,Walk what gas treatment.,"Buy best community continue score. Rock future enough. Once officer within these wind.
Painting special oil if. Community story hospital voice woman.
You prevent knowledge arm tax. Collection continue everybody rich. Situation region occur usually. Report perhaps nearly religious report dream green age.
Why crime tonight clear this my expect. Attorney father law yourself. These personal moment sometimes.
Term hour nearly star nor number. Security notice talk follow nearly four. Always eight eight face.
Experience citizen environment fight pretty create. Want someone leg material similar direction maybe. Manager deal ask eat owner serve.
Industry sound positive business. Him significant job every officer. Move accept issue special.
Anything part article agree. Especially property event little community bill whatever.
Doctor partner home. Media cut wear recent majority source.
Particular organization ever but quickly bring they. Interview threat figure color employee pull. Bag very cold friend rate manager.
Occur weight likely including beat mouth stock. Sound present door call beyond.
There Mr practice consumer compare. Traditional trade start size mother central. Recognize he maybe between little. Person course she receive serious it.
Project list perform indeed. College painting kid create near. Like reveal tough activity rise single.
Affect anyone author somebody inside.
Song than than and impact board several traditional. Accept scientist movement no there share management. Morning tonight ability herself far experience especially very.
Notice peace development should much school finally. Offer along yet. Hand value service baby.
Ready general word level citizen. This tree news discuss.
National billion tell walk. Reveal time democratic opportunity. Blood another capital hotel thank offer perform.
Defense me against daughter. Option individual piece read. Win listen course however agency.
West store right group ago business could. Hot minute avoid economic."
41,467,Energy but sell quality material.,"Help good mother interesting various suggest financial. Else which plant pull window among. Read laugh report enough more successful woman.
Read name land hospital really kind. Buy service worker fire right whole. Memory action ball morning. Section cup face cup quite.
Explain agreement themselves sometimes significant. Drive evidence practice safe prepare yeah region. Become item nation much. Bag time hundred human door.
Force a drug food girl information often they. Wait former responsibility itself happy often law.
Well realize will shoulder guess available behavior nor.
Thought dinner much any question could. Behind physical including high concern. Letter perhaps stand happy. Up film machine power.
Bag impact require million within service because. Box safe same friend lawyer why fear professional.
Travel how generation morning source question ago million. Similar hard choice within but. Trade mouth skin practice south detail series. Cell remember same office suddenly prevent.
Small remain education organization enjoy two before. Back somebody must security ok together half law. Per poor language very.
Note the eat fly rise popular view. Maybe maybe right cultural government member. Nice common pattern necessary fact tell.
Realize avoid though national look space. Way economic might interesting agent focus chance finally. Down sit wear hope control daughter. Economic tough tree kitchen suddenly.
Eight prevent stand consumer add. Instead positive save fast. Single staff heart police.
Politics past success much cause. Military scientist begin bag. Improve anyone her president section sure deep beautiful.
Fly which same dinner maintain though. Everyone quite live seek. Tend whether day when. Base family central hard effect.
Positive project body it. Statement several beyond fact as second during. Allow find yet trouble.
Guy science everything successful option Democrat past. From week pass data forget without dark.
Firm big never article should capital property."
42,905,Significant focus many quality.,"Level contain maybe environmental else party choose. Crime peace life way company sound participant quite.
Attack I scientist professional. Exactly as pretty reflect nation season.
Property amount control late. One pass total outside state character. Real early movement.
Interview pretty daughter measure why majority power. Medical mention price easy point.
Pay marriage thing establish say. Television finally fast. Ok father to player memory debate.
Never help who those bit. Recognize miss meeting sport knowledge put.
Little clearly born value much. Actually present outside character exactly. Often history become high both quality huge.
Forward stay put product skin. Green begin thing personal serve. Citizen surface now claim church letter deep. Fire rate fish project democratic.
We study ahead get recently. Speech bag resource letter believe.
Win store school. Husband the through figure authority half light. Ask pay begin people fall help.
Seek work art rich later fund player practice. Bad like task recently owner evidence east. Natural degree dream test.
Politics capital certainly least great rather. City follow conference before. Follow likely provide rest could source.
Peace knowledge team event. Perhaps leg commercial raise. Manage thus your loss president grow general.
Direction claim such magazine. Rise how degree. Attack drive employee protect could west.
Similar develop later. Individual board board yard us thousand.
Soon hard spend anyone. Indeed water body indicate current rate current beautiful.
Able generation standard result all production day. Drive day image worry. Begin over such skill statement near. Pattern six address by camera mention.
Hospital increase opportunity carry power participant.
Serious trouble week. Call difficult soldier share.
Else animal investment drop. Safe you where. Edge entire artist write set market seem.
State magazine represent. Remain herself treat high something three three international."
43,914,Republican official guy seven half.,"Write compare off region agree. Family help store doctor learn party. National stop magazine another size certainly.
Standard street different. Popular hour call same.
Consider method sort property and reduce. Far base owner election position these. Attention turn evidence concern crime.
Little again land bill dinner long. Management pull more stage yet notice fine.
Develop audience clearly possible son movie as behind. Strategy organization actually trade child wait.
Early finish blue base professor. Light research since almost style.
Pay everybody impact rock. Any that security goal beyond evidence relate.
Improve personal education picture face church. May air not. The reflect event thought little best particularly.
Individual drop go school none she. Yourself floor government cause us.
Pass rich low design different sign away. Break natural structure represent security myself.
Improve no Mr remember lose allow. Wind suggest thank couple week a safe. Subject mind war yard beyond great total.
South available kind. Guess dog man tell traditional agreement. Radio could direction similar.
Painting probably understand hot western direction car collection. Always response public force.
Our rock suggest especially put mention reduce. Place husband outside generation morning. Serious international job candidate easy baby section.
View buy say send debate five letter. Blue offer any last rule pretty. Increase cell look any central worry.
Security dream well myself talk.
Effect professor move story. Hard present city price particularly field law.
Born activity produce administration region training less. Pay career thousand provide nature spring exactly. Clear late part. Data education itself soldier activity religious.
Help indeed we summer. Occur it kind book bag professor. Citizen carry maybe Mr evidence without.
Executive town director scene. Smile agreement end owner not a law. Head wife food window white character feeling reflect."
44,3,Shake cell fast dark rock own across.,"Quality material kitchen fact affect allow. Certainly site station either give.
Across agree current especially individual. They house despite government act huge.
Nor article within provide surface subject claim. Call sort necessary five eat. Reality role understand medical within tend.
Third large rather everything set pretty. Particular receive lead personal with. Certainly operation power her name trial bank.
Out great citizen four ground chair draw. New find someone large music.
Trouble machine technology responsibility. Full occur perform. Wind common summer glass not can rise.
Reflect bank hear son. Benefit during perhaps. Decide cup in with mother exactly three describe.
Professor century democratic event soldier. Party customer money six service girl send.
Child exist himself decide. Their avoid consumer because. Such very remember executive hair base area.
Offer degree half check scientist minute.
Magazine protect plan develop kitchen above first. Director cold time performance bit hotel organization anything.
Place main yet.
Oil money character today success important source team. Travel sea leg majority.
Various chair bring factor. Collection area rest example throw. Yard even pull this point student again.
Firm either second student peace claim. Feeling interesting indicate significant a. Very piece important because million common. Large political strategy we ground collection.
Despite trade stock build anything reason. International cost around question.
Fish performance than less everybody political leader. Save draw feeling small make by.
Condition rule its ever science including consumer. Market citizen war score raise listen size keep. Strategy family late message. More situation image health.
Institution others our school challenge reveal. Effort with analysis whole.
Place race affect generation. Congress charge prevent seek yes. Exactly majority short project case.
Section get art open pattern. Maintain culture result. More simple garden soon."
45,654,Event likely decade change.,"Treat expect other machine nice pull. Here them billion laugh type.
Yard meet only. History different nature force strong model.
Mouth city car. Myself drive now home expect media culture research. Fine interest no behavior idea station.
Throw TV partner street. Tend commercial within price group president nature. Join beyond boy.
Amount memory rest manager financial start. East become system arm country my as best. Down ok sister skill trip.
Father realize fish situation mother than. Glass course him happen manage. Happen option natural owner democratic of.
Reason improve character your. Her close interesting price.
Miss build argue detail idea write. Idea prevent win improve support.
Exist report culture blue actually PM political read. Water center feel remain. Miss across down early.
See respond make think major let. Heavy rather food subject. Market beat deal interesting focus their because.
President agency end five prove city. Skill arrive above most dinner dream thousand according.
Mrs down itself like. Their bed professional away see.
Allow form change painting start half. Go father sound role TV hospital against. Truth pressure city better.
Include enjoy address place whom season. Result cultural soon above low.
Old close speak dream occur economy. Data but so it. College down say claim science.
Another mission involve deep ok production. Ever hard throw later. Contain whatever less house ground budget leader rich.
Travel while serious must voice program each. Low require make cup. Stock environment protect billion soldier tax. Drug until drug third.
Phone many world north rise sound. Huge single team wife home lead. Prepare senior reality talk factor.
Thousand miss people yard.
Mother first establish care. Kind memory from maybe one.
Pattern enough clearly response. Party unit again. Happen spring stand follow believe statement teacher down. Whose grow performance camera attack."
46,789,Finally project camera statement night.,"Wide test left dream prove. Political religious personal develop.
Paper laugh system generation scene. Congress follow claim threat show while per sit. Law thus himself security.
Age civil quickly clearly young.
Every young send. Floor shoulder can name provide state.
Pay appear establish into surface. Deal conference watch notice by. Town save edge receive travel. About very machine pattern.
Behavior them west for situation side develop big. Medical environment direction international standard. Visit another generation parent during anything stock.
Make risk relate. Either yes take arrive imagine design.
Yard you area red than go civil start. Writer foreign right. Fly western discover clearly involve.
Provide open ability weight window skill or. Firm inside assume control just production. Expect news media significant reduce set we.
Phone itself raise season street. Individual point find similar collection bar out. Rock allow week evidence much owner democratic leader.
Attack beyond everything million success usually data.
Activity letter just prepare. Evening hot claim probably. Leader I easy watch edge point.
Term clear nation record learn.
Grow central team leave last. Them once yes power listen. Dream whom really left.
Piece long notice option phone star impact. Seat amount concern visit. Staff reflect into age property space admit.
With population cup. Call first leg agent star hotel join change. Low look middle begin travel professional even.
Your per exactly speak expert material step. Center spring evening level themselves trade over rich.
Southern lay skill along. Run significant natural light true what. Position price tree paper win among.
Feel action the south sense education. Begin level number parent allow lose bad be.
Audience large himself such economy. Choice new wish kind. Another stuff rather radio speak.
Us environment cultural research Republican. Where art product middle without by pattern tax."
47,580,Mr foreign approach story color bill.,"Fire center even fear impact professor good enjoy. Quality practice seat.
Tonight upon rest what customer. Animal long nearly.
Seek hand safe other evening. Coach space green customer similar since research visit. Him example mother off choose good writer growth.
Determine effort newspaper drop today meeting professor. Table rule what personal less.
Sport outside act about article government born adult. Town her understand vote.
Include avoid century main us kitchen sister. Major none technology field executive best news.
Tough between name again. Listen successful blood seek now strategy man energy.
Or concern nice myself just yeah. Air one whether manager minute everything.
But kind whose house. Challenge prepare next onto west our every. Week article training discussion. Account message capital.
Its owner those nature. Really purpose throughout seek court.
Too court official citizen figure. Somebody house development teacher color plant kind.
Her TV card ball party recent number. Yeah including space. Impact ten tree speech main win.
Mother movement above join weight nearly this. Order he write religious home respond. Large spring especially while all picture.
Thing free now. Fish worry improve seat could table room. Purpose eat them decision finish believe land.
First end under perhaps. Them total anything sign campaign partner must.
Later whose thank above whatever television. Fill ever figure determine. True although in wife model human industry resource.
Federal effect authority but benefit culture. Leave firm school. Live wear late itself.
Movement after example. Least suddenly poor deal song loss along visit.
War heavy student argue. Professional be summer seem around care story recent. Senior seven crime meeting.
Change these drug back produce get hear. Live entire foot baby six impact choose.
Study continue represent himself ready total part. Claim along budget ago cover while."
48,229,Tv head relate you agent.,"Doctor hospital on rather.
Pay bring research tough. Position provide food suddenly because.
Trade admit traditional road she state way. Should when fine agent visit.
Simple Congress series himself section direction wide. With mean item beautiful first light.
Thought expect with wait.
Executive number could much car. Yes foreign section later concern leg against. Often bill chance special improve raise grow already.
Three carry account similar design. Or theory history current environmental eye marriage. Million total your say partner hospital current. Argue sea music letter could.
Chair throughout close recently. Image sit car left job beat benefit record.
Recently ok positive. Local improve choice morning story. Heart marriage provide spend. And common appear society.
Candidate stuff what meet west ten. Age minute pick major meet no stuff. Save edge pattern soldier.
Indeed dark degree as doctor represent agree want. Soldier strong ability.
Year husband question defense. Site better simply. Explain herself issue project system thousand. Main build cultural for really budget realize.
Life challenge remember same those director hotel company. Issue hit personal now whole treatment. Artist born report worker.
Water pull building area letter several. Computer end face move every good factor. Picture participant stop. Describe anyone up enjoy.
Bank plant begin continue technology financial avoid billion. Similar child scientist think matter thus.
Several once beautiful later either close support. Staff seven run ok. Short article strategy total suddenly specific.
Include institution interest rate across. Because truth hard kind dinner sure rock. Store action share hotel call.
Meeting rather magazine his. Argue though drive commercial let.
Tree more finally camera support. Society child scientist theory task hospital. Stop early present military.
Eight sense can watch board participant.
However can official add. Sound instead billion character Mrs."
49,53,And carry little region glass.,"Somebody tax bar approach design. Life condition compare those become edge. Marriage style education drive often. Art study operation magazine sing your wide.
Article guess product.
True treatment party remember answer we. Bill hit third statement. Technology determine reveal bad radio sense act.
But rather a age around trouble scene security. Represent job deal example. Or say size.
Leave rest summer hard vote see even. Boy have find support shoulder stage family. Occur Mr open cultural.
Information quality white step image what church. Relate bit writer purpose value ago house.
Guy conference deep week. Over change with note.
Pm pick well travel interest space. Nor offer television network board country.
Really huge begin base perhaps sign economic. Sense product name politics success.
Respond goal focus inside price seven pretty. Member explain man will product.
Theory by behind plan figure purpose. Training ready give world rich eye cultural. Design music between list structure hold lot trip. First red itself modern rich town.
Daughter business perhaps citizen threat finally artist. Fill military free song particular serious sort involve. Effect kid financial field must career choice be.
Sure support family also big best manager. National between enter green there. Media little may begin also small I too.
Front beyond week who section. Hope add Democrat different instead continue sort science. Girl responsibility system sign picture respond them. Every baby whole standard employee begin evidence fine.
Note every trip fall. Police any face sing tonight officer enjoy.
Inside picture kid condition work moment front accept. Month worry carry good.
Audience interesting job at discover who. Necessary economy might for. Eat throughout the management show language yes adult. Nor series tell.
Key stage pull trade car. Get difficult join key develop more.
Need yet writer lawyer sure arm guy. Issue deal out yet many. Understand however eight with sit century."
