id,first_name,last_name,role,username,password
0,Юрий,Орлов,student,komarovuljan,V@3AITGuY*
1,Эмиль,Нестеров,student,elise07,4+6Ut#)uIR
2,Добромысл,Никитина,student,ivan1974,jts5xIxX)2
3,Игнатий,Панова,tutor,karp_2005,#+)o0Zrz5k
4,Федор,Рыбакова,tutor,nkalinina,_7hC1Izjdo
5,Ладимир,Якушева,student,gorbachevserafim,(2EJFg^9YU
6,Давыд,Белоусова,student,georgi_1974,$8UsY!Fqkj
7,Гаврила,Дроздова,student,nonna_36,3UGDfng6)P
8,Нифонт,Гришина,student,saveli1988,B$Db3Oi(xV
9,Оксана,Устинова,student,jseleznev,MtVb2Lsf+k
10,Фотий,Потапов,student,ilarion_67,RX734_kfD+
11,Автоном,Калинин,student,davidkozlov,)WB_fBnmq6
12,Геннадий,Никитин,student,miron2022,@#sS6$EoZy
13,Ратибор,Лебедев,student,natankarpov,(51+BRy(SM
14,Карл,Силина,student,evsebikov,(w9G%1Kw)H
15,Антонин,Михеева,student,gerasimovevdokim,T2FQQYt)%v
16,Вадим,Голубева,tutor,elisekozlov,OZ05%YLxG_
17,Симон,Андреев,student,oktjabrina2006,&8IEma!Y#t
18,Гремислав,Кудрявцев,student,ippolit1980,_1DsKrtVr2
19,Филипп,Одинцова,student,evstafishashkov,trS4G(Vxi^
20,Гаврила,Зуев,tutor,tihonovapolina,u+!2M%in3$
21,Ипполит,Комиссаров,student,avtonombelov,^Hx_H&Um4s
22,Святослав,Рыбаков,student,afanasipopov,&XFv)(gyN7
23,Татьяна,Власов,student,gennadi2006,_t%bUszaF7
24,Гурий,Князева,student,serge82,N9vlQhSr*#
25,Елизар,Брагин,student,semenovkuprijan,fc(_zwLr+5
26,Зоя,Фокин,student,ermola2009,f6ajnfQj$T
27,Нинель,Поляков,student,kuzminaristarh,yND37P!a(1
28,Еремей,Суханов,student,vvolkova,%gUDYG9*@0
29,Остап,Рогова,student,anike64,i5dLD2ro$u
30,Рубен,Матвеева,student,gerasimovaoksana,zbBKWOsk_8
31,Лора,Давыдов,student,averjan38,L2Br7cbG_e
32,Гаврила,Суворова,tutor,pankrat29,()8dWV4m5Z
33,Гаврила,Мельников,student,avdeevairaida,c34PctqXu(
34,Феликс,Васильева,student,vjacheslav2011,*Y^1j+Fy4K
35,Светлана,Осипов,student,zuevkazimir,azM0UePm!x
36,Денис,Никитин,student,maksim_2011,Y(4XfvmQ9#
37,Ефрем,Сафонов,student,iosif_1976,9kRWGHy8*m
38,Галактион,Ершова,student,dorofe1985,&gUyAFiV_8
39,Родион,Кулакова,student,kevseev,g)3hNxmB36
40,Софон,Ковалев,student,gostomislafanasev,@ev8bFWn#n
41,Савва,Моисеев,student,vlas_1974,#kY2gSjjx(
42,Симон,Евдокимова,student,matve_13,^gN_Sr*wp4
43,Матвей,Никитина,student,efremovnaum,&sJq7LP@&6
44,Валентин,Григорьев,tutor,arseni_49,wdL55PMM9*
45,Майя,Капустин,student,bogdanovpahom,8$ObXgR$)Z
46,Анна,Сысоева,student,apopova,_XNZ4Ml5f*
47,Ефим,Киселев,student,aksenovagap,Z9pKWdLj##
48,Валерьян,Маслов,student,ipati2022,cyFI9B2)n!
49,Екатерина,Блинов,student,arefi91,Yu6^9DpmCT
50,Ладимир,Киселев,student,prohor_09,)8lNYeyy_c
51,Клавдия,Крылов,student,longin62,!50WPhHl%Q
52,Лев,Логинова,student,tvorimir_46,Z+)e3Odi1o
53,Клавдий,Шашкова,tutor,isa_1984,$GRE$3DtLV
54,Иларион,Емельянова,student,szhukov,&LLRM4o70a
55,Лора,Степанова,student,afilatov,xbh3gYASn)
56,Севастьян,Носкова,student,venedikt1987,01PcOkRy@g
57,Игорь,Белоусова,tutor,lobanovirakli,))4UO@vprN
58,Флорентин,Мухин,student,jkosheleva,)$am1K1igj
59,Рюрик,Михайлов,tutor,kotovaekaterina,%l3C#bk)cD
60,Ратибор,Кузьмин,student,zhuravlevguri,ys98QHEHf_
61,Амос,Дорофеев,student,medvedevvsemil,^Y0KUVYtb3
62,София,Потапова,student,ruvarova,H+FW1LMr)r
63,Светлана,Фокина,tutor,akolesnikov,^^&I4qMk_9
64,Зоя,Полякова,student,sinklitikija_1991,l1XZ!Dw5__
65,Панкратий,Гаврилов,student,sergeevdemjan,(74Z*IGu&3
66,Зосима,Осипова,student,gerasimovasofija,mSgh4Qpg!g
67,Анжелика,Савин,student,feofanershov,boAi0Y92c(
68,Светлана,Кудрявцева,student,pavlovazhanna,6@N0g)6uhM
69,Вадим,Архипов,student,ivanovprokl,z4Tm5lVp+n
70,Филарет,Евсеева,student,shcherbakovisa,5QUIu9&G*X
71,Гордей,Рогов,student,rbelousov,q$i9EmqzE5
72,Кузьма,Цветков,student,galkinalora,d69CLJVk+x
73,Кондрат,Тихонов,student,msokolov,o$2cV1Hu4z
74,Майя,Симонов,student,komarovmark,7zUd3o$c@M
75,Дорофей,Молчанов,student,filippovandronik,_SeEri%ku4
76,Лора,Кондратьев,student,lihachevsavvati,+0aIF4sIPT
77,Валерьян,Медведева,student,antonovamarija,Zzt1sY$ov@
78,Пров,Крылов,student,arseni2007,EE0%9IVfw6
79,Родион,Гаврилов,tutor,semenovavksenti,$aUgC1am#4
80,Сигизмунд,Архипова,student,gorbachevaverki,&I4oSDTe!L
81,Остромир,Большакова,student,kalininafekla,+W6Jv!KehN
82,Олимпий,Петухов,student,shchukinvasili,&zgd!^D#3p
83,Юлиан,Кузнецова,student,kostinljubim,@cYvc1hwI1
84,Анжела,Шестаков,tutor,feofanbikov,4QAK!TY2#q
85,Агафон,Савин,student,vladimir_18,m8Cro+5c_W
86,Касьян,Зыков,student,juli28,gS27B(@w+2
87,Алевтина,Игнатов,student,zuevnikon,6k0VB7&dk)
88,Софрон,Быкова,student,rogovavera,a@O^6VBW!q
89,Елисей,Афанасьев,student,vladilenkulakov,_5gQBf4*ae
90,Любовь,Тетерин,student,miron_1971,_Yt4HG(pGx
91,Тимур,Ефремов,student,isidor_1982,@#794a)tGN
92,Якуб,Виноградов,student,alina2012,E3mWbLcV^1
93,Андроник,Медведев,student,stepanovsvjatoslav,P01#F7Oz_B
94,Савелий,Данилова,student,merkushevaelena,!4yBpHFB*a
95,Павел,Васильев,student,angelina49,dX0$+3AhJ9
96,Касьян,Александров,student,erast_91,Z6&7Tcrna%
97,Дорофей,Бурова,student,marfa88,ZY70#Ph7)!
98,Егор,Мухин,student,kovalevepifan,v#1C*yebQ!
99,Агафон,Захаров,student,kopilovelizar,*4KT)y#f6%
100,Виталий,Ефимова,student,hohlovaanzhela,W5#4AZDo$0
101,Иннокентий,Суханов,student,radislav_84,WfzC0T@Ic)
102,Болеслав,Потапова,student,longin_1985,+6tLB7ra8n
103,Лукия,Лазарев,student,valerjan_59,(95$OIjjRc
104,Федот,Ершова,student,borisovaveronika,%0Pn9Trgu#
105,Адам,Потапова,student,mstislav1975,e5EmnlOh$G
106,Михей,Лапина,student,tsvetkovipat,HbHX3WSh+x
107,Флорентин,Пестов,student,vladilen1977,Mj)_7Kln5(
108,Варлаам,Костин,student,dorofe_25,+wYk#dRn82
109,Иосиф,Власова,student,maslovinnokenti,(7cDv+#%gu
110,Доброслав,Громов,student,filaret_1983,J1gA6Rgs^1
111,Наталья,Комарова,student,igor1973,&O%D6WBxx0
112,Кирилл,Беляев,student,tarasovaanzhela,*cAr2ElH50
113,Карл,Нестеров,tutor,prohorovvitali,^xZRPGs3E2
114,Арефий,Владимирова,student,lukasavelev,%1EC))QtbP
115,Нестор,Соболев,student,subbotinhariton,n%e9LyFZ$w
116,Нифонт,Филиппов,student,iosifgrigorev,$W5H*biP&R
117,Ипполит,Кузьмина,student,martjan2001,)5tAO+rHK7
118,Семен,Федосеев,student,eleonora2012,o^Xu42Kp38
119,Фома,Кириллова,tutor,ctimofeev,&7RUV(Qj%i
120,Герасим,Дмитриев,student,militsa_2003,Nk9Ih@jL)!
121,Раиса,Архипова,student,irakliuvarov,B(u7BnP2%9
122,Модест,Макаров,student,eliseevizmail,W#97wJc49u
123,Болеслав,Фадеева,student,lukinalarisa,+xaI*K1c*1
124,Валерия,Доронин,student,spiridon2016,Qku)Grka#8
125,Алина,Артемьев,student,ivan2003,#d*SKzzFi5
126,Пантелеймон,Большаков,student,efremovleon,M6x4@Cmsw*
127,Степан,Большакова,student,sokratgordeev,f7$1c8Bn8)
128,Иосиф,Дорофеев,student,vladilen26,3Icn0uyxU#
129,Силантий,Лапин,student,lavrenti2014,Kl2JEEaH+!
130,Зиновий,Галкина,student,kazimir26,fs9+d1WbF*
131,Олег,Виноградова,student,uljan_1993,T6*Gi!s3&6
132,Касьян,Шарапов,student,konovalovnikon,&ksLEZjyD0
133,Ерофей,Осипова,student,rodionovanina,_()0zPix2#
134,Фаина,Ефимова,student,anike1992,EJ&zUP%p@3
135,Агап,Костин,student,nikolaevratmir,5n6EDuoG$o
136,Вера,Александров,student,fomichevkasjan,@cIVvCpt5i
137,Порфирий,Герасимов,student,trofim1992,SM*7BQDg_s
138,Гостомысл,Семенов,student,ipat_48,)wVLoF*BT7
139,Фока,Колесникова,student,guljaevgennadi,*EnvO2Zf@t
140,Геннадий,Русакова,student,bobrovfilimon,%JErRNLpJ8
141,Ангелина,Титова,student,ljudmila05,j^%8PEDb5$
142,Радислав,Крюкова,student,ziminharlampi,X0Z@(1LhB$
143,Эрнест,Гордеев,student,parfen_2019,_@21JeVsKO
144,Ростислав,Юдина,student,makarovradim,0!1wogDoyU
145,Алевтина,Гордеев,student,agata_04,%e4rTxu_z9
146,Мефодий,Соколова,student,gromovefrem,67wjAe&3+n
147,Василий,Беляева,student,bkoroleva,%BQk9BAf%m
148,Данила,Лобанов,tutor,arefisobolev,!!IM_KmjO7
149,Агата,Панов,student,afanasi_49,^@Y6G3#xG4
150,Мечислав,Пахомова,student,nonna_2017,*MGrekoO5D
151,Назар,Ермаков,student,lukjan_1978,+#S(O8)g_7
152,Касьян,Корнилов,student,elizar_1987,O1HQFIb+(v
153,Парамон,Филатова,student,efrem_1985,ucL!IyV23$
154,Сильвестр,Фролова,student,subbotinantip,R!)l38nDnL
155,Ия,Максимова,student,dobromisl_54,QyZyJYCr!1
156,Исай,Якушев,student,lobanovkarp,N*5xGZaCVV
157,Надежда,Дьячкова,student,akim2014,%8LzfYvAA5
158,Валерия,Никитин,student,bobrovafekla,rXT1tEZn_3
159,Афиноген,Маслова,student,hgalkina,546zA_w%#$
160,Юлий,Коновалов,student,borisafanasev,&0OpBtZfM4
161,Моисей,Данилова,student,kalinintit,&pPi90Lnb*
162,Нестор,Корнилов,student,stepan98,&PE!%1cOn3
163,Анна,Тетерин,tutor,trofimvorobev,&T7H4YdjV8
164,Севастьян,Беляев,student,ilja_06,Sr3Qnz#Jo)
165,Егор,Горбунова,student,julian_36,$G5Yxezjyi
166,Фрол,Тихонова,student,denisovafekla,5fAe8PhEb%
167,Добромысл,Муравьев,student,mitofanvolkov,@4Y!vgvU^h
168,Феликс,Фомин,student,irakli24,o7^6ULbx$4
169,Софрон,Лазарева,student,lsmirnova,Pjk4CxCN)_
170,Людмила,Дьячков,student,fominajulija,g()a9ZOfuW
171,Константин,Данилов,student,taras_2011,2)$Q4UivkG
172,Остромир,Гуляева,student,mechislav_39,$+#9RnHEO!
173,Феликс,Никонова,student,kiselevnikodim,F2n!EyyQ#3
174,Валентин,Фадеев,student,kazakovgennadi,#oR#UYg&0@
175,Федосий,Соколова,student,zkonstantinova,_KAS$!vl19
176,Анжелика,Кириллов,student,prohorovizot,@34)TYAptb
177,Парфен,Панфилов,student,januari2001,39q&XeLb)Q
178,Аверкий,Ефимова,student,gfilippov,s(0SMtLmmJ
179,Феоктист,Зимин,tutor,antonovaagafja,f$u#c5Qjmz
180,Ростислав,Громова,student,shcherbakovavasilisa,^3vKd$Nl5v
181,Рюрик,Иванова,student,natalja2021,nnIj8)i^_3
182,Лука,Васильев,student,nikitingeorgi,i%2EpnwZE7
183,Евстигней,Сафонов,student,parfen20,cfVUSpdQ#7
184,Регина,Зуева,student,sokolovmefodi,7)y74NhY^v
185,Виктория,Федоров,student,agap1971,OgQuJv)D@3
186,Антонин,Пестов,student,vlas_87,Gt69M)cS+Y
187,Анастасия,Егорова,student,fade_57,W9+Mtlfr_&
188,Ян,Миронова,student,simon16,(A*5&NlTZ)
189,Митофан,Маркова,student,omakarov,NyJM+4Zq4T
190,Максимильян,Кононов,tutor,kuzminaevgenija,Fk1BNQbg&N
191,Стоян,Соловьев,student,dorofe_19,jIN8ZvlsC)
192,Игнатий,Ермакова,student,nburova,l($m32Xy^z
193,Ирина,Беспалов,student,mstislav2012,R3GwN7Dg#Y
194,Клавдия,Лаврентьева,student,markovlavr,vw7P(qwc@K
195,Мартьян,Мартынова,student,mihalovakira,4acGBUmT^c
196,Самсон,Петухов,student,dementi_1979,sHK0&F_pF+
197,Вера,Комиссаров,student,hristofor_66,*_0$U3Bldr
198,Тимофей,Иванов,student,filatovgalaktion,n3iCRE9r#7
199,Анна,Гущина,student,simon1993,9+sP1VQj^M
200,Фрол,Мельникова,student,amvrosi2010,_PB9RzYs9$
201,Василиса,Степанова,student,valerjanfomichev,F&ap+3SmmP
202,Мариан,Орехова,student,julija_2019,##$f2tLkEx
203,Евлампий,Никифоров,student,kopilovevdokim,*PM)(vQ!)0
204,Фока,Колесникова,student,kudrjashovatamara,j!&HL5Kp5C
205,Руслан,Елисеева,student,veniaminnikitin,T7W5Yt5d^2
206,Ким,Калинина,student,kuprijan_2005,!$QDU7yja3
207,Нонна,Пахомов,student,budimir_81,x6$80Rd%5D
208,Павел,Савина,student,frol00,@0LSNwWpz7
209,Демид,Романова,student,lazar1972,19aCRvgo%h
210,Софон,Петров,student,judinkapiton,W5BOTFwu(k
211,Авдей,Кузьмина,student,gostomisllazarev,9J#1kQEoor
212,Нонна,Третьяков,student,vseslavsubbotin,QR65PbgQ%0
213,Пелагея,Голубев,student,vsamsonov,1yOAEtdh(r
214,Симон,Гришина,student,evdokim03,_1TystYI6h
215,Антонин,Пестова,student,iosif1980,d6$1GHpE2G
216,Василий,Селезнева,student,fotibespalov,^dd24Go^*e
217,Мирослав,Анисимова,student,erastfomichev,(2ihTTQNFl
218,Евпраксия,Рябова,student,ernest10,*8MNOugI1R
219,Светлана,Крылова,student,isidortimofeev,^KMOMt*go2
220,Аверкий,Васильева,student,sharapovernest,@At6IxBE3y
221,Клавдий,Ильина,student,ernst34,4W$PJNMd!X
222,Лариса,Голубев,student,egorbragin,@c#Bev3V7u
223,Игорь,Фомин,student,isaevakim,%eGi7TZG^6
224,Константин,Шубина,tutor,ershovanina,*@*6BU^q)V
225,Петр,Шилов,student,fedosi_25,!7f^#2BkiU
226,Евсей,Белов,student,stanislav2020,c)t0NmvJCV
227,Святополк,Степанова,student,krjukovsvjatoslav,+SaS_EFoi0
228,Лев,Зыкова,tutor,modest_2014,@3It4WuN95
229,Тит,Борисов,tutor,feliks_2011,)b!H0Ce6%L
230,Нина,Осипова,student,spartakabramov,N$J96Dk*)#
231,Екатерина,Фомина,student,levseev,P_RQeqk5#1
232,Лариса,Рожкова,student,adam_78,bu25LsX*z^
233,Эрнст,Бурова,student,aborisov,u*1RB!Cdsq
234,Эрнст,Владимирова,student,kbelozerov,bp%V1Zg)Mu
235,Антип,Громов,student,aleksandrovvitali,u4SY11da^6
236,Болеслав,Мухина,student,filippovaraisa,*6#0y$QzTU
237,Наина,Владимирова,student,elena_2008,V6YxAMqy@l
238,Прасковья,Калашникова,student,ilinaristarh,)*a^k9Gnw4
239,Наум,Григорьева,student,fedosievseev,y*@M!*c4^C
240,Иванна,Воронова,student,luchezarbaranov,$9FDd%z4BS
241,Рубен,Андреева,student,markovbogdan,5xCQidEn)n
242,Тамара,Сорокин,student,vorontsovanisim,onb4NCto^v
243,Таисия,Кулагина,student,agafon1991,3e6S#xMv%(
244,Алевтина,Уваров,student,narkis1978,8L^1P#nimh
245,Иосиф,Князев,student,prohor55,)0c5NE&3pX
246,Агафья,Селезнев,tutor,aleksandra1978,^FHo%FxG_4
247,Ипатий,Чернова,student,avksenti_2005,$#(nK&vvu8
248,Модест,Миронова,student,rusakovjulian,+*)7mUIt2q
249,Василий,Кошелева,student,klavdi1986,(8Negd84kK
250,Сергей,Кириллова,student,agafonovartem,0hxbYALs@v
251,Евпраксия,Аксенова,student,vasilisa2020,R)!2Fovm^O
252,Всеслав,Игнатьев,tutor,odintsovermola,C2nAp!vo!$
253,Аполлинарий,Зиновьева,student,avdeevratmir,4jWisXd_$0
254,Сидор,Колесникова,tutor,fortunat_2010,e(M_0cDkjg
255,Антип,Гуляев,student,lkulakov,ekj0tLu_y&
256,Филимон,Артемьев,student,fortunatfokin,7b_kIkjV+L
257,Добромысл,Уварова,student,kazakovipati,&5Fp26@8LK
258,Пимен,Уварова,student,lobanovalidija,*6DECRln(g
259,Ладислав,Кошелев,student,gleb2003,%9NJMi@fT%
260,Пров,Комиссарова,tutor,zoja38,9q8n1EFd5#
261,Флорентин,Жданов,student,pselezneva,od2TdoIw^H
262,Харлампий,Бобылева,student,florentin_40,+j6Y$p4zoO
263,Алексей,Громов,student,belovapollinari,(6YHwx(Ani
264,Карп,Овчинникова,student,pavlovfedot,^lfEAJ_k9f
265,Радим,Кулагин,student,velimirbragin,%W4Vx8lk9+
266,Гордей,Дьячков,student,galaktion_1996,(j6O(Vr7+t
267,Богдан,Гуляев,student,demid_2015,^4hLW2odDz
268,Илья,Петухова,student,markovviktorin,%x)95M*dZR
269,Регина,Фомичев,student,mechislav_65,(4nP#GXuOh
270,Любим,Емельянова,student,olimpiada_1976,+*4T6IWz2m
271,Аким,Ширяев,student,natalja82,^SH0JUkiKU
272,Нинель,Игнатов,student,timofeevustin,#&8DDF*prQ
273,Екатерина,Беспалов,student,kuprijansokolov,@5d_&TYXlz
274,Поликарп,Сергеев,student,vjacheslav38,$0Yi)O#s@W
275,Олимпий,Пахомов,student,svetlana2018,7Une9Uj+#%
276,Людмила,Копылова,student,maslovarefi,4A7ECFhbw*
277,Корнил,Авдеева,student,polikarpaksenov,C*pU4IEdk+
278,Кирилл,Артемьев,student,rshcherbakova,770ZlKy50&
279,Мир,Дроздов,tutor,mechislav_04,@6HcUjLS$o
280,Митофан,Орехова,student,evgraf12,$_V4cA$^6i
281,Иван,Куликова,student,averki_12,jjw8CO8xT+
282,Руслан,Хохлова,student,kotovavasilisa,Acq_6SgqXi
283,Александра,Блинов,student,serafim2002,PmvpE*W9(1
284,Майя,Михеев,student,makar16,#S07J^xqhf
285,Аникей,Савина,student,hmedvedeva,)25Q1^PlS$
286,Автоном,Попов,student,aleksandr54,UJI8Io78^O
287,Лука,Вишняков,student,filimon_82,zI$9UQrM&q
288,Каллистрат,Назарова,student,qgerasimova,h%0oTG&g@a
289,Петр,Павлов,student,samolovdorofe,^gIeU)l_P1
290,Ермил,Лыткина,student,nestor1994,&CbEWYRr95
291,Александр,Рогов,student,fominemil,atzgZQgt)4
292,Прокл,Якушев,student,seliverstovamilitsa,^h84QxSYw$
293,Владимир,Зыкова,student,cheslav_69,hc!4ZRXrH#
294,Иннокентий,Моисеев,student,bolshakovanadezhda,5*343MiXcG
295,Аполлинарий,Пахомова,student,ngorbunov,EF3HHcyj(^
296,Любосмысл,Шестакова,student,ershovaskold,+81aBqFa#6
297,Симон,Уваров,student,vorobevasinklitikija,_X9Yxm_cNJ
298,Лев,Фролов,student,agafonovtaras,$#8JLw#VeU
299,Евгений,Кудряшова,student,rozhkovmiroslav,+y9I_rbu_9
300,Исай,Королева,student,afanasevfeofan,P2wldHzo#g
301,Андрей,Белозеров,student,sevastjanzatsev,q8X&_519%E
302,Галактион,Борисов,student,ljubov_1997,!4pE*Imd^4
303,Тимофей,Киселева,student,odintsovaolimpiada,+&Bt!4L)io
304,Всеслав,Фокин,student,jakov02,_uSVF9LmTy
305,Милица,Логинов,tutor,kolobovdementi,F6DT_oHO(W
306,Доброслав,Николаев,student,isa1996,DFI3InUnF!
307,Устин,Алексеев,student,novikovprokl,)0g1OU1gmA
308,Аполлон,Кабанов,student,georgipoljakov,*P7Rggw420
309,Кузьма,Сидоров,student,mihalovermola,*3JLOFmp%f
310,Октябрина,Поляков,student,sofija_1986,@MAKGwd$6f
311,Панфил,Фокин,student,alevtina_1991,w%8&aERg^u
312,Полина,Васильева,student,praskovja_89,GuT$^6FlkT
313,Евгений,Костина,student,gorbachevajulija,yAZ+B)Y#!9
314,Авдей,Мишин,student,anisimshestakov,Q!v5IK_jG!
315,Филипп,Морозова,student,sokrattretjakov,l+hfw7p47K
316,Спартак,Ситников,student,nikandraksenov,w1AC9hoR%5
317,Аникита,Шарапов,student,ivan_1993,wHafLtqy%8
318,Феоктист,Рябова,student,kozlovleonid,7T^4SUpFV_
319,Степан,Кузнецов,student,sharovmatve,^gtLLJTir9
320,Аполлон,Фролов,tutor,marian1979,(g9bGYDep6
321,Натан,Елисеева,student,tit_65,N2B%5nqn%1
322,Олег,Захарова,student,vladimir_34,916OGvBf+u
323,Ананий,Пестова,student,sharovaaleksandra,Re8sQ4KYd(
324,Кондратий,Богданова,student,lazarevamarina,E$_POB2s^4
325,Екатерина,Кудряшова,student,gerasim_54,G1%AivvL+E
326,Аникей,Белова,student,lavrenti_08,$ASl2qWcq^
327,Эмиль,Емельянов,student,uljana1976,cW!^0DJuUK
328,Варвара,Кононова,tutor,bobrovaviktorija,F@y2A7Bdm)
329,Тарас,Андреев,student,vpetrova,+f%3lOIk4_
330,Светозар,Борисова,student,valerjan1996,^NJ()Zgg5O
331,Раиса,Бобылев,student,svetlana2011,)J2E_mUh@o
332,Пантелеймон,Рогов,tutor,sokolovelise,$F5@L_0uy$
333,Панкратий,Михайлова,student,pantelemon1972,4rH@LpdR$y
334,Данила,Колобов,student,vladislav1999,*2KSP!@c@0
335,Модест,Крылова,student,rodionovaalevtina,V+h4I%woQ%
336,Демьян,Осипов,student,qorehova,a+4PNJYtHa
337,Игорь,Мельников,student,valentina_19,j1RJQRqX&2
338,Гордей,Давыдов,student,suvorovaverki,(_Pu2TeVW9
339,Ферапонт,Муравьев,student,evseevmina,3Iz+5EGlDl
340,Дементий,Смирнов,student,hariton1994,z$2Su(Z!qn
341,Анисим,Беспалова,student,seliverst1980,c!V2Jg22Z_
342,Геннадий,Шилов,student,sivanova,J_g85Zvf#5
343,Адам,Зуева,student,xkomarova,f+YQoD6qdD
344,Моисей,Александров,student,evdokimovfirs,P*P+a1Xo(j
345,Максим,Соколов,student,luka_2011,_^15T+bsMG
346,Мирослав,Уваров,student,vsemil_75,$o6Flzf_b6
347,Ксения,Маркова,student,vissarion2021,VZ4NhrPkg*
348,Фока,Виноградов,student,adammorozov,_1OcuLnkIe
349,Мстислав,Щербакова,student,matve34,47OAv3ac(7
350,Филипп,Сорокина,student,evgenija2005,x32#9U)rPZ
351,Панкратий,Григорьев,student,mironovtit,z1jLWMUb_E
352,Ерофей,Николаев,student,arhipovsamuil,561mCUq%*9
353,Валерий,Михайлова,student,lkostina,7LFOavla#p
354,Демид,Андреева,student,aleksandrovdemjan,#3C25cGqe0
355,Наум,Григорьев,tutor,juri_1995,!1W!&Q7Loh
356,Артемий,Новиков,tutor,valeri1976,GKgH2XujO*
357,Евпраксия,Горшкова,student,lihachevaoktjabrina,6Y2(EaJv!X
358,Святополк,Антонов,student,kornil_2008,%vt0MFr9&3
359,Юлий,Селезнева,student,kazakovamarina,N#70JFgfLJ
360,Трофим,Власова,student,gurevmartin,7VJHuYru!$
361,Бронислав,Воробьева,student,oleg03,3rC4Dr)IF!
362,Софон,Алексеева,student,qkostin,&k3RNbZm@n
363,Клавдия,Третьяков,student,kudrjavtsevevdokim,*N3SdsDeNh
364,Александра,Турова,student,azari1988,^tjRL@_o1*
365,Август,Карпова,student,savva18,qxoNTUcj!1
366,Глафира,Яковлев,student,rharitonov,K47CJONh+z
367,Кир,Анисимова,student,antonin_2012,ueGciZWt#7
368,Святополк,Чернова,student,filimon94,!UNRDq293a
369,Спиридон,Пестов,student,djachkovevstafi,5KVVOmxW^8
370,Потап,Самойлов,student,gostomisl_66,bT5I5ZDl@B
371,Георгий,Наумов,student,afanasi2004,#&6!tXwF)2
372,Митофан,Копылова,student,rodionovpantelemon,6+ew*mG5bi
373,Остап,Некрасова,student,nikiforponomarev,iUJ(19rR5#
374,Мария,Белозерова,student,lavrfokin,v5NE@GuT+6
375,Спартак,Лебедев,student,sofrontitov,(JW(*Tidc8
376,Викторин,Мамонтов,tutor,karp_2014,4USbQerj%3
377,Аскольд,Беляева,student,panovsila,F6NI$AmM^^
378,Николай,Данилов,student,grishinalukija,6f@GrrL@*+
379,Анисим,Силин,student,lebedevgennadi,!)!5N&%lLB
380,Борис,Архипов,student,afanasevalekse,&4EEhuymoA
381,Федор,Блинов,tutor,makarovarkadi,A&7IEAsJs(
382,Аполлинарий,Воронцов,student,poljakovdanila,j7^60Yl*Tk
383,Илья,Евсеев,student,bolshakovaveronika,YX4CUeqz@z
384,Евдокия,Афанасьев,student,osip_2001,41Kto6GI@L
385,Иосиф,Евсеева,student,osip_2011,^am2HJxpD4
386,Валерий,Никитина,student,jakovlevazoja,HN^0YjJxLV
387,Никита,Шилова,student,gostomisl_97,2k@%jC1x_+
388,Агафон,Александрова,student,bogdan_1981,YfA4LNs7!^
389,Севастьян,Моисеева,student,ziminkonon,&4AzxkKduO
390,Майя,Гущина,student,elizaveta_1970,mxT6XXvc+x
391,Трофим,Громов,student,dmitrievkim,C(6H+YmfSl
392,Ладислав,Мамонтова,student,firs_78,(G#Llg%Cd8
393,Иванна,Колобов,student,evfrosinija_54,&_GItI@6q2
394,Трофим,Федотова,student,ignatidenisov,R64AtBHu#y
395,Наина,Быкова,student,guljaevvalerjan,+DwhrAQum8
396,Трифон,Морозов,student,merkushevagalina,+FyK$y(084
397,Трофим,Симонов,student,safonovinnokenti,&!4QXw#qdi
398,Кирилл,Новикова,student,kalashnikovmark,e$2TF8moaq
399,Зоя,Громов,student,ratmir2016,&Vr1JKlYTl
400,Демьян,Кошелев,student,juvenali_60,&8@C4+AzHZ
401,Панкрат,Федотова,student,uljana_51,)_CWgV&mu1
402,Устин,Самсонова,student,potap1988,ZN4PybpVE$
403,Викентий,Николаев,student,silinvalerjan,1jEE%7bF@o
404,Зосима,Белова,tutor,nikandr20,x!3Qef3b)0
405,Светлана,Комиссаров,student,zinovevvasili,M+6VAKmu!E
406,Евграф,Орехова,student,fekla_2004,+12#dMJc7r
407,Нина,Бобров,student,kulikovkallistrat,+tSu2(zbk0
408,Елизавета,Анисимова,student,izot28,xuE&YXwB#5
409,Ладимир,Соболева,student,spartakshilov,4lNaJqNl(2
410,Леонтий,Котова,student,paramon_1985,g!(H75clmQ
411,Куприян,Тетерин,student,volkovvaleri,m5BYIrye^Z
412,Ульян,Петрова,student,asoboleva,N@6dQC7y*+
413,Валерьян,Селезнева,student,vatslav_97,lW4q9XTag+
414,Лука,Логинов,student,fedoseevljubim,vJQ#9VywKb
415,Илья,Давыдов,student,ignatevanikita,1)CNn#mr%k
416,Вера,Агафонова,student,evdokim43,l21gGhJ#+!
417,Любим,Сидоров,student,kopilovtimur,_P!5^)ItI$
418,Феврония,Щербаков,student,fadeevvalentin,y%#D^3Ge1I
419,Зосима,Шилов,student,xovchinnikov,63*5WfIXE5
420,Иларион,Абрамова,student,grigori2010,@*sGairrB3
421,Мартьян,Панфилова,student,seleznevviktorin,S^6ghTi3+R
422,Марина,Константинов,student,knesterova,$Uz7yU^xh*
423,Доброслав,Герасимова,student,ignati_1971,+Qq36pUv$4
424,Никодим,Капустин,tutor,kabanovfilipp,wP6HLAbtY#
425,Пров,Галкина,student,anastasija_39,G%FbS9Js^8
426,Фадей,Евсеева,student,sigizmund_90,y03AauSxP^
427,Ксения,Лобанова,student,bespalovbazhen,+_6mRTiE_9
428,Феоктист,Орехов,tutor,blohinladislav,I!lw0BFah%
429,Никандр,Данилов,student,angelina_1991,5p5M0C7o^H
430,Валерий,Селезнев,student,vinogradovasofija,QH@z5sKwV+
431,Натан,Блохин,student,ilja64,L!%2Q5kgEw
432,Изот,Лобанова,student,nazarovipat,8Ce4FEo7%O
433,Селиван,Григорьев,student,leonid07,7@o1FAMq_j
434,Максимильян,Беляева,student,zhdanovvlas,y9fD+LpP^G
435,Орест,Белова,tutor,gostomislagafonov,*96H*Nvq)n
436,Степан,Панфилова,student,ipat_1989,n79Rcd8g&5
437,Ярополк,Трофимова,student,veronika17,*!HKo4R1@m
438,Олег,Лазарева,student,fedosi_1987,L)r5qFbkjC
439,Ульяна,Ширяева,student,samsonovgremislav,+)6JOl52In
440,Лидия,Тетерина,student,potapovkondrat,%vL%4K!jy@
441,Агап,Богданова,student,erast_1992,*k1PcQgdYj
442,Бронислав,Белозерова,student,blinovizot,pq1EBqfRg!
443,Никодим,Киселев,student,silvestr_2003,+sFO@LQFD4
444,Ефим,Чернова,student,golubevsilanti,ib!U0Ubm#)
445,Елизавета,Самсонов,student,tkiseleva,h4NXN4z8!L
446,Казимир,Родионов,student,vitali_24,$JNT%A+h6J
447,Ярополк,Голубев,student,kasjansolovev,d6$TXz&&^y
448,Измаил,Лебедева,student,zhdanovmilen,ZiCix3&j+2
449,Аскольд,Федотова,student,luka1988,+5k*Pvuw%g
450,Фортунат,Лобанова,student,dementevvaleri,cPjQhRrT!6
451,Ия,Белова,student,veselovfirs,i089Y_Nlz&
452,Анатолий,Филатов,student,koshelevernest,%INY6gDMS0
453,Виктор,Шестакова,student,sazonovladimir,kTK4Oz#b+v
454,Капитон,Герасимова,student,kazimir54,)+8p54UjaA
455,Трифон,Гаврилова,student,larisa_43,v$8XP1y3Vi
456,Федот,Большаков,student,belousovegor,hJ)0WC+ug*
457,Ольга,Афанасьев,student,abramovatatjana,E&39UFcm_t
458,Аверкий,Уваров,student,kulikovernst,!tEWZlIQ8@
459,Пелагея,Козлова,student,timofeevizmail,Dm1c*BhW+P
460,Виталий,Галкин,tutor,samolovmartin,*7v3aCGi!y
461,Орест,Зимина,student,fade_2002,_Oe2GJVy@6
462,Зоя,Миронова,student,demid1992,#J12EpQJ^$
463,Глеб,Одинцов,student,szhuravlev,$Q8iVf%6@U
464,Ладислав,Андреев,student,julija_29,s(^0YqgU#g
465,Марина,Яковлева,student,hvlasov,LNW6kC_xF)
466,Полина,Петухова,student,loginovaangelina,+()s8RqU&F
467,Пантелеймон,Селезнев,tutor,iosif2014,l@%9zLXbag
468,Александра,Никифоров,student,kazimir40,mFI4NPDc@(
469,Натан,Быкова,student,mstislav1972,&CsSofm^8E
470,Савелий,Кириллова,student,lev_33,%9UvP#8y80
471,Александр,Осипова,student,aleksandrovinnokenti,_K6LLhSw7f
472,Чеслав,Смирнова,student,ushashkov,yU+2$sFd2f
473,Наина,Ермаков,student,zinovi_1983,&3EN2!dfj7
474,Пимен,Костина,student,agafon_69,*4K^fgqvLz
475,Зосима,Соболев,tutor,evfrosinija1990,86v4St^W_g
476,Фортунат,Романова,student,vladlen1984,0lF3Sz60@q
477,Федот,Кабанова,student,filaret55,ld1ZqM0w$8
478,Самуил,Колобов,student,azariaksenov,!ZP^v&pUf7
479,Творимир,Шилов,student,kolobovflorentin,^2kZCp7K7x
480,Светозар,Панова,student,epifanbobilev,_4UTeXofQt
481,Эмиль,Карпов,student,valentina57,($I2LG9bFp
482,Аникей,Гордеев,student,ukazakov,80YXudjo@$
483,Платон,Сафонова,student,afanasevegor,*!z1RBuM&x
484,Прохор,Степанов,student,samson2014,m9wXtPoT^T
485,Евлампий,Иванова,student,mechislavdjachkov,P+5bI^Onvs
486,Галактион,Горшков,student,serge_54,V$48qCbLot
487,Елена,Попов,student,foka2014,aT&0nMprl6
488,Родион,Мельников,student,avgust28,M176VCb7J^
489,Клавдий,Шилов,student,gfedotov,^BiASp@re5
490,Юрий,Миронов,student,djachkovelise,R+0R_k*CX&
491,Дарья,Некрасов,student,vera_2007,@SCG6I@scL
492,Фома,Некрасов,student,stepanovluchezar,&8eii_Xus+
493,Захар,Сорокина,student,ljubomir_1982,FoPGBaNE#3
494,Егор,Голубев,tutor,arseni03,8Kr+x7Kz$R
495,Остап,Кабанов,student,stepan80,K6NlEvPE_m
496,Лидия,Терентьев,student,serafim1979,#3QsdOTv9m
497,Варфоломей,Якушева,tutor,lapinafekla,I0KY9f+Z&2
498,Евлампий,Меркушев,student,demid_2005,r+33J%n9&U
499,Аникей,Третьякова,tutor,panfilovvelimir,z8Fcbnr0(o
500,Всеволод,Моисеев,student,ladimirvladimirov,n!7J9ktll1
501,Казимир,Стрелкова,tutor,valentin_84,%R0aDzeQ%9
502,Терентий,Гаврилов,student,rusakovaanastasija,$oSv#eD0Q5
503,Борис,Шестакова,student,filatovfilipp,_yAMVGbT47
504,Орест,Сазонов,tutor,cknjazeva,e7@6s8Yz((
505,Оксана,Кондратьев,student,efimovaalla,*zr^CCvKD1
506,Лидия,Блинов,student,maksimovboleslav,9fNQuS1x#F
507,Феврония,Федоров,student,semenovnikola,Jf5WDvf__3
508,Адам,Савина,student,lukinparamon,+37XPBzcrb
509,Елизавета,Колесников,student,doroninaanastasija,_H85IUNy)6
510,Галактион,Галкин,tutor,bkalashnikov,I$Bb7Ea6TM
511,Милан,Суханов,student,pestovsofon,UXj^S6Ki2D
512,Алевтина,Давыдова,student,chernovboris,qL8$8Vyxm&
513,Лора,Давыдов,tutor,kazakovmodest,%+#H_KCoE8
514,Аполлон,Кошелева,tutor,fomintihon,)@8hXIisnj
515,Ираклий,Лебедева,student,erast28,gzDT0cOXI^
516,Ираклий,Воробьева,student,bmelnikova,t1Dp6VqqK*
517,Ипатий,Родионова,student,sidorovljubomir,^ti6Q3Hw+4
518,Радислав,Муравьев,student,simonovapollon,3NKy%Fh7*B
519,Аверкий,Симонова,student,litkinfirs,(7TQU8#A+a
520,Твердислав,Горбачева,student,frolovanina,6#hxbSh5**
521,Зоя,Рожкова,student,kondratevvadim,hoZm^$j2)2
522,Майя,Романов,student,krjukovbudimir,GQ*5Zqos8d
523,Автоном,Лапина,student,nikita36,f_q7F+mA#i
524,Глафира,Васильева,student,zuevaelena,Nf180%Icg&
525,Милен,Щербакова,student,kozlovmilovan,XY)u3rVxL)
526,Пахом,Русаков,tutor,visheslav_95,7)09W)Jl#x
527,Фирс,Лапина,student,ilarion17,t$RS4Blprr
528,Герасим,Кудрявцева,student,pantelemon1985,vd7^wZ6CJ#
529,Парфен,Исаев,student,kolobovefim,^4U8viElm&
530,Гедеон,Денисова,student,elavrenteva,7^de3Fb*s%
531,Феликс,Козлов,student,sigizmund27,Y91lxGWx_0
532,Евдоким,Воронов,student,zatsevaanna,45OmgX$X&^
533,Глафира,Лазарева,student,tamara1992,x6D%NMGc^8
534,Спартак,Фомичева,student,afanasevasvetlana,uX6UV!g^f*
535,Геннадий,Филатова,student,semen_91,!189wFfz&d
536,Влас,Морозов,student,marina_1986,2GGxPtOx%L
537,Елизавета,Тарасов,student,gavrilovalidija,a$8(0Ou00s
538,Дарья,Борисова,student,litkinaevpraksija,rvxAWy8^!2
539,Ким,Воронова,student,lapinaklavdija,T8G7t)Ta+W
540,Панкратий,Денисов,student,nifont1993,@04ZVGxM5#
541,Артемий,Шубина,student,filipp1975,q2&dulXJ^6
542,Никита,Полякова,student,borisovaevgenija,a62eCIeI^%
543,Радислав,Меркушева,student,lisaeva,vLT9aJ6cx^
544,Вячеслав,Родионов,student,martinblohin,b%2)AYZw(S
545,Аполлон,Осипова,tutor,fedot1977,kH5YwI)lt+
546,Всеволод,Власов,student,gostomisl_1989,FT8ijeVa)r
547,Прохор,Лаврентьев,student,panovjaroslav,)K*00(Ywz$
548,Афанасий,Фокин,student,alina_1993,#2_Z21L+fd
549,Роман,Иванова,tutor,stojan_2006,$I9dkUzX4)
550,Ульяна,Захарова,student,varlaam1970,#bmO)D0F(9
551,Прокофий,Ковалева,student,sila1992,)V+J4zsuh*
552,Любомир,Ефимова,student,averjan_76,syX5hRnd^m
553,Олимпиада,Борисова,student,kevseev,_ftJ@No7r5
554,Ладимир,Фролова,student,naumovmilen,&22Ix28ODD
555,Ипат,Михеева,student,gushchinanike,%@GIC85Hz5
556,Ефим,Дмитриев,student,semenovanina,X(9OIH8s@H
557,Клавдий,Назаров,student,kim44,i4TClH2&(u
558,Самсон,Тетерина,student,suvorovjaroslav,_+I9Bi^uX4
559,Аверкий,Титова,tutor,belozerovadam,Z#)%0jTiEo
560,Орест,Лазарева,student,amvrosi30,*D1YYrdRCK
561,Эмиль,Якушев,student,seliverstovavasilisa,%4BQ^dx12C
562,Нинель,Медведева,student,nsitnikova,PrB@kmLr&5
563,Капитон,Беспалов,student,osipovnazar,$454PwGv$m
564,Павел,Николаева,student,hosipov,$06RpBBtW5
565,Флорентин,Одинцова,student,gurevspartak,tN3Mch(gl*
566,Святослав,Горбунова,student,georgi_60,+rC8323gI6
567,Ия,Суханова,student,mili_77,dy7VIdjR$+
568,Самуил,Терентьева,student,darja94,%3D&KRyuka
569,Станимир,Фокина,student,larisa_1973,0JAtwM3*!0
570,Андрон,Моисеев,student,antonin_2014,D$f8WAjgpe
571,Марина,Яковлева,student,ilja1995,5!50VLpM9#
572,Вера,Шубина,student,melnikoverofe,*QHqsqk_A2
573,Милан,Мухин,student,omartinova,!Wm8uPZfsx
574,Сидор,Петухова,student,ekaterina70,aXVC3^Hls%
575,Андроник,Ковалев,student,erofe_12,@N8+H2li7N
576,Евлампий,Фокин,student,narkis_38,8!1HOmkyIL
577,Егор,Михеева,student,agafja94,q^%9SWJs@9
578,Георгий,Ефимова,student,dorofeevapraskovja,)(p9OTcKfu
579,Ипполит,Фадеева,student,svetozar_23,@I8aU@fBmB
580,Порфирий,Зыкова,tutor,tverdislavjakushev,&p!#p0T0v7
581,Пимен,Андреева,student,kondratevaija,39qNfAwG++
582,Ян,Туров,student,timofeevtihon,L8S3hQob%$
583,Радим,Данилова,student,spopov,)LMgJC0J(3
584,Василиса,Субботина,student,valentina73,gR#7^H6avD
585,Сигизмунд,Васильев,student,ratibormartinov,_5^2HZoPpm
586,Ермил,Фомин,student,avdeevanaina,(N6Td2Yd5%
587,Святослав,Панфилова,tutor,svinogradov,*!2bYoyYBk
588,Никита,Мамонтов,student,jaropolk24,0O&i+5UqjX
589,Фадей,Колесникова,student,pavel_1974,B%7mIlZ@eC
590,Анжела,Голубев,student,gurevsvjatoslav,Sk6I3!(ej&
591,Серафим,Хохлов,student,lazar52,vSaCmDMs$1
592,Артем,Казакова,student,kuznetsovaivanna,6Q0E8fc^++
593,Федот,Сысоева,student,modest1974,(l6cHqfYHw
594,Анна,Белова,student,stojankuzmin,p__4V1s&kj
595,Лукьян,Меркушев,student,kononovaakulina,e10MyUsh()
596,Владислав,Баранов,student,miheturov,S*d_0Qf1ij
597,Марфа,Владимиров,student,ekaterina_2014,Z1Rv^DIr&d
598,Климент,Кузнецов,student,demjan_62,58(hF!Qi&*
599,Нонна,Рябова,student,jakovlevfrol,Q@9VCilRGq
600,Борислав,Семенов,student,fomichevljubomir,@t_S1C+y%&
601,Геннадий,Зуев,student,pavelbobilev,Qr7T0r^v!j
602,Николай,Красильников,student,lavrentevartem,h@+5sKKnMC
603,Анисим,Евдокимова,student,galaktionbikov,H+B3DIf32j
604,Александра,Соколов,student,vvoronova,^4wPxiY%_c
605,Дмитрий,Комаров,student,jakovlevemeljan,dha%1ZcYO!
606,Харлампий,Анисимова,student,vinogradovladislav,&5LCi$h9m!
607,Агафья,Осипова,student,nikifor_1988,ggi)4cCeJ@
608,Антонина,Лукин,student,efremovagge,l(rB2HTnRz
609,Лучезар,Галкин,student,bogdanpoljakov,9@e(46Pfbg
610,Борислав,Титова,student,milenlavrentev,_h9K7#c@m1
611,Гордей,Трофимов,student,gbogdanova,C&9SnYvEw0
612,Ксения,Боброва,student,dementievseev,^4nD2n@@k4
613,Афанасий,Калинин,student,jan_68,so@6Uc&y#@
614,Антонина,Шарова,student,evseevpavel,9Jm1DI0g&1
615,Мина,Анисимов,student,gavrilovartem,&6*4Msf_Co
616,Сидор,Котова,student,tarasovandronik,jJf56fNly%
617,Зинаида,Игнатов,tutor,bogdanovkim,a^)5TbDfCw
618,Ипат,Зиновьева,student,ratmir2020,)36IGJ6VFy
619,Азарий,Некрасова,student,ilapina,)%Sl8XepmR
620,Мариан,Колесникова,student,muhinandron,(^yj_Fb0_4
621,Эрнест,Попов,student,solovevaanastasija,K*F9Jk$tYH
622,Варвара,Константинова,student,timofe_50,*1ApEfPRfK
623,Евсей,Потапов,student,kovalevviktor,Z)1a0Zgz8v
624,Фока,Антонова,student,hkulikova,@#5qCpWYm^
625,Яков,Уварова,student,andronik_1985,U)3QfUv0JK
626,Евдокия,Гусева,student,mefodi26,)4*6HXn(_I
627,Касьян,Архипова,student,naumovspartak,37mpWa@c@x
628,Никодим,Боброва,student,afinogen_27,k&4YZm62a7
629,Евдокия,Прохоров,student,kabanovmina,P#2N+lQ!te
630,Ульян,Колобов,student,vitali_74,iU7Cj$H$c!
631,Бронислав,Кузнецов,student,trifon95,&CL#9Ig&_r
632,Агафон,Мартынов,student,wsazonova,@^8oCuvk_f
633,Агафон,Игнатов,student,fortunat_1970,fv_9oXMyWK
634,Авдей,Бурова,student,ilinajulija,*+fxUj(y@9
635,Савватий,Доронин,student,olga28,!6IbxVOh+1
636,Никифор,Соболева,student,fedot_2003,e9Q1kkXR(9
637,Кузьма,Красильников,tutor,vladislav50,@4lLZkdfD^
638,Валентин,Сысоев,tutor,alekse75,P+oX8J@Oqf
639,Елена,Шубина,student,savva_1975,w&4TLVGJRb
640,Трофим,Сорокина,student,fominaalla,+z$UCaA*6l
641,Викторин,Кононова,student,nosovalora,CoU+P5VvRz
642,Константин,Лебедев,student,dguseva,8WDy#Y2%+$
643,Мина,Пономарева,tutor,davidovanike,2ES*pq7y#U
644,Авксентий,Давыдова,student,egerasimova,q0Oc)lbR&g
645,Гордей,Григорьева,student,bikovasofija,$hY!H9EpS2
646,Евфросиния,Федотов,student,sidor_98,U#22J5Rb%$
647,Трифон,Крылова,student,ljubosmisl2006,*2p2Byctdk
648,Севастьян,Шарапов,student,onufri2001,y_9yXpHFPQ
649,Владилен,Воробьев,student,klavdibaranov,u&90fAoVX^
650,Вероника,Горбачева,student,evgraf_96,H)o2FGnm8%
651,Касьян,Колесников,student,bojan2009,GoV2eVrA+)
652,Арсений,Казакова,student,innokentikomissarov,La)2nQxi7N
653,Всемил,Морозова,student,konovalovprov,_yEOHlFal4
654,Марина,Носкова,tutor,ljubim26,!269E+CkL2
655,Феофан,Артемьева,student,kopilovnikifor,4QBt2Pis3^
656,Любосмысл,Туров,student,julija_1997,yl1lU(Azc_
657,Денис,Муравьев,student,mpanfilov,f7!Hk4PpFZ
658,Синклитикия,Смирнов,student,sigizmund_49,(9XFPDcJ*b
659,Таисия,Мясников,student,zinaida85,j54biYwGo+
660,Фрол,Дмитриев,student,innokentikornilov,*9DEU5y!04
661,Сергей,Ефремова,student,seliverstovaalina,8#4D86BtO^
662,Сидор,Яковлева,student,sobolevladislav,KjSseLhD@7
663,Алина,Куликов,student,kalashnikovaljubov,w!hrp0LlD7
664,Антонина,Афанасьева,student,isakovegor,)4z1Xe3x!z
665,Любим,Шарова,student,velimir1998,@j*LuY_k!0
666,Агафья,Никонова,student,mitofan_2005,%2Wu$C&5xR
667,Мокей,Власов,student,kovalevasofija,(VI6uLomW(
668,Мирослав,Калинин,student,medvedevosip,hk6(K&QF^7
669,Василиса,Журавлева,student,hignatova,(xXAbW_rr7
670,Людмила,Миронова,student,lvinogradov,(86b^YAn6@
671,Болеслав,Григорьева,student,veselovaagata,@p(LbFuJ#5
672,Тарас,Гришина,student,kondrat1981,r%5O56teTF
673,Трифон,Дементьева,student,ntitov,p7mbVGwo_O
674,Ипполит,Дорофеева,student,efimovvseslav,^2kvA)Dxe_
675,Фёкла,Кулакова,student,baranovairina,#JQIckJaO4
676,Платон,Данилов,student,fedorovaangelina,g@l9+Uq2Oq
677,Самуил,Коновалова,student,rubenmironov,_6hWTRVJDu
678,Ростислав,Князев,student,antonineliseev,Ay)EGw8*&9
679,Епифан,Дементьев,student,nzhukova,pf9YSIvK&z
680,Василий,Третьякова,student,bojan_87,Mv4CCMTiI!
681,Рубен,Мишин,student,evgenija1990,)eZDcIF0@6
682,Аркадий,Новиков,student,ladimirpotapov,Q07_yEBx_+
683,Станимир,Ефремов,student,sevastjanjakovlev,t4pw3Hl7o#
684,Евдоким,Шестакова,tutor,avgust_49,uRMCMx^R^6
685,Милан,Панова,student,masloviosif,K7G@jfBh@m
686,Аверьян,Гордеев,student,mstislav2005,(CcZGmfwq2
687,Семен,Исаев,student,mir19,rXQ!8Mk_uv
688,Афанасий,Лапина,student,mstislav_2008,BhQ9Hb*zV+
689,Парфен,Голубева,student,oksana2016,FtDQv*Eq@9
690,Корнил,Чернов,student,svinogradova,$2!8kPkpEX
691,Велимир,Шилов,student,nikandr_1981,j3z5uMYg*J
692,Гордей,Зайцев,student,braginaija,m&_7gK!zJ4
693,София,Молчанов,student,leonti_1973,@mpD0Orl8_
694,Азарий,Никитина,tutor,boris_1996,HTcWRYdc%3
695,Потап,Комиссаров,student,sigizmund_1971,iU4)$3PtSO
696,Дорофей,Шилова,student,nlobanov,Q!E8V&Po2P
697,Бажен,Носов,tutor,filipp_29,$8fnLMrIcw
698,Марина,Иванова,tutor,porfiri_2021,(^xTC_Qld8
699,Ксения,Агафонова,tutor,miron_1976,m_92Tox)dK
700,Тит,Савина,student,arkadisuvorov,i!6UaTpU*8
701,Ким,Игнатов,student,kuzminelise,$W%1PsuoDk
702,Емельян,Белоусов,student,lsafonova,Cz7Vr2@l*@
703,Любосмысл,Сорокин,student,epifan2018,M4_XqoYh+B
704,Юлий,Куликова,student,samson_94,oi3H2ySQq)
705,Трифон,Ермаков,student,prohorchernov,I8A79Wmfy)
706,Фотий,Савина,tutor,venedikt06,hZD6cW3xw_
707,Ульян,Никонов,student,milankudrjashov,_tBDzVqeB2
708,Самсон,Зуева,student,evgraf_61,bhr1nNgq#@
709,Мокей,Игнатова,student,petuhovamarija,Mo4Zb&mi+G
710,Еремей,Никитина,student,kknjazev,i0T3WCdK)i
711,Лора,Калинин,student,lsimonov,@3HC(!dzE2
712,Георгий,Вишняков,student,rozhkovaanzhela,)1kZNFKa5m
713,Регина,Кузнецов,student,evseevaolimpiada,_cPU506W8j
714,Захар,Никонова,student,afanasi_25,rAuaa!qL^8
715,Остромир,Захарова,student,ippolit2014,(Im4yLrCke
716,Эдуард,Князев,student,pmiheev,@lgSwnbPJ6
717,Ульяна,Шестаков,student,maslovhristofor,*&7VjAy))8
718,Фирс,Кириллова,student,lgorbunov,I+4)cHwfDX
719,Борис,Карпова,student,foka28,teqE66eg_8
720,Моисей,Анисимова,student,spiridon56,FY4PjmSzs#
721,Варлаам,Новиков,student,beljakovjaroslav,lfm5CeJs!5
722,Станислав,Рябова,student,mironovereme,d2DkyKS5$P
723,Елизар,Морозова,student,firs24,@89RsR$vc^
724,Елизавета,Давыдов,student,zosima2002,lB3_7Ydl#B
725,Раиса,Родионова,student,afinogen45,_&$1K5Dw%T
726,Серафим,Князев,student,mironnikiforov,Q!Uq5HSx$L
727,Марфа,Мамонтова,student,dorofeevvelimir,*Zw1U+@kj9
728,Агап,Лаврентьева,student,romanovilja,hiSv6Rrrl+
729,Ярополк,Григорьев,student,dmitrievaklavdija,_6$zMnk$*O
730,Никита,Киселев,student,kasjanfrolov,e@5Y9MXjeG
731,Вышеслав,Рыбаков,student,vseslav1981,!#r3Ekn8sy
732,Варфоломей,Лыткин,student,prokl_47,+D2W)LmN9X
733,Мечислав,Горбунова,student,jakovlevbazhen,*g0aHDU7C)
734,Акулина,Фокин,student,olimpiada_1994,wXJ2(5Aza)
735,Исай,Орехова,student,sokolovaalevtina,9zHV*z*B(J
736,Сильвестр,Рыбаков,student,trofimovosip,@1sUdIu7xd
737,Ульян,Харитонова,student,borisovamarfa,aE#i9dLxv@
738,Мефодий,Родионова,student,molchanovairina,y%J8Wy6o^7
739,Будимир,Мамонтов,student,radim_1999,4jmK!zxF(W
740,Измаил,Сергеев,student,mevseeva,!KmvLirL!5
741,Марфа,Наумова,student,naum_1971,Y*9zaLbiCn
742,Анжелика,Кондратьев,student,tkornilova,hdIcWz_t$0
743,Симон,Вишнякова,student,stepan_1986,@ee9Pzxo_c
744,Нина,Павлов,student,uvarovizjaslav,Bj1H$tUc0+
745,Анатолий,Попов,student,vseslav1975,)wK2JfOlo^
746,Платон,Гордеева,student,elise_2010,(hmuQPEkz1
747,Добромысл,Соболев,student,kudrjavtsevizmail,lrE!+27l#8
748,Исидор,Кулагин,student,silanti1977,SEG#2Rex*q
749,Ефим,Миронова,student,arseninikolaev,I+6aN1Co81
750,Устин,Кабанова,student,lapinjanuari,BTZ95aRv@C
751,Изот,Устинов,student,evse32,G65Gn*Qi(k
752,Фаина,Колесникова,student,ikalinina,fAU$Y1Ru#%
753,Семен,Кириллова,student,timurbelov,d&58EAjg%x
754,Ратибор,Лебедев,student,karpovapelageja,uC0!^9gK6$
755,Василий,Тарасова,student,lobanovmiroslav,%8CW8vaGn&
756,Якуб,Комарова,student,konstantinovaviktorija,5i4R%Pfg%y
757,Климент,Нестеров,student,prov_87,%24VCqqy9#
758,Фаина,Фомичева,student,sobolevizot,^!BO@)kf2U
759,Исай,Овчинникова,tutor,arhipovmstislav,05IDW5El*q
760,Григорий,Панов,student,galkinsamuil,$5SgLr7c0m
761,Ия,Назарова,student,fortunat_60,AW53FjtT_L
762,Варфоломей,Турова,student,lavr1999,XV0Ugbb1@@
763,Терентий,Артемьева,student,longin95,Efs@2Dfy!a
764,Вячеслав,Носкова,student,januari2017,JhMeLml4)9
765,Аскольд,Нестеров,student,kondrati_76,2ubY7Q1f@H
766,Милица,Шилов,student,kallistrat_10,m5+7BpmVk2
767,Потап,Матвеев,student,xdorofeeva,F+5ap7HrZ5
768,Ферапонт,Жукова,student,lobanovljubim,#dNDrSQlC4
769,Любовь,Попов,student,fomichevsvjatopolk,m$UJ$7Tnk0
770,Мир,Карпова,student,vasili_2001,_8S!dwGZ$H
771,Милий,Филиппов,student,mechislav12,(306(X9jD_
772,Герасим,Миронов,student,sidorovvarfolome,6dHS5c%K$p
773,Тимофей,Николаева,tutor,kapustinnifont,(7NN(y++7t
774,Евгений,Потапова,student,kuznetsovostromir,)a*xH$0gx6
775,Ефрем,Комиссаров,student,svjatoslav2012,(u87WcQz#n
776,Георгий,Гаврилова,student,veselovippolit,cO2&U)wtB*
777,Натан,Родионова,student,glebedeva,VDIEgMri(4
778,Кузьма,Медведев,student,xshilova,2Z8TmQWjL&
779,Марк,Борисов,student,zhuravlevprohor,g8MHg@h^*y
780,Оксана,Яковлева,student,matveevjulian,)KaTe)Dc63
781,Изяслав,Белозеров,student,ytretjakova,QsRZ*nEp_4
782,Мартьян,Кузнецов,student,feliks_1987,5(A1uRZQnr
783,Агап,Герасимова,student,samson41,d)O5^qbmmR
784,Фома,Осипова,student,panfil81,$G7ShLeGtf
785,Гордей,Мамонтова,student,judinakira,vXet!3Ui+S
786,Моисей,Александров,student,burovbronislav,+tJHHqzPw4
787,Денис,Суворов,student,sazonovanina,*$bxrYT@i3
788,Виктория,Панфилова,student,konstantin49,ywV9t*RLA_
789,Алевтина,Меркушев,tutor,gromovgalaktion,@oLc@Fhm59
790,Арефий,Лукин,student,djachkovavalerija,!0%9VOicPS
791,Сократ,Поляков,tutor,avgust59,Oj_9ZuNx+m
792,Александр,Агафонов,student,vladimir2006,)By4Xkmp9+
793,Зинаида,Воронова,student,clukin,x)02uMEemS
794,Зоя,Шаров,student,dorofe_35,M3O)n1Tx&t
795,Пров,Большакова,student,wvorobeva,pr1H6b$Et#
796,Родион,Антонов,student,florentin1995,nWl0*P7)*1
797,Юлиан,Ларионова,student,ypestov,#Es6SaTd+q
798,Екатерина,Сорокина,student,sharapovseliverst,@cjjBIu46J
799,Корнил,Игнатьева,tutor,rgureva,_5oN%^NqP+
800,Евстафий,Тарасова,student,ilarion_2016,5*6mUZ^zn)
801,Ульян,Корнилова,student,stojanevseev,_5jYkdwJkW
802,Любосмысл,Белова,student,taisija_2010,$0T)qz$zOW
803,Порфирий,Ефимов,student,milensisoev,t05KieapH$
804,Евфросиния,Исаков,student,artemkudrjashov,F1*0GaUmx+
805,Кузьма,Рябов,tutor,proklavdeev,4)4jXQrdUQ
806,Андрон,Назарова,student,vikentisorokin,1!1XiJb#Uu
807,Лукия,Владимиров,student,demid_52,#5M1WoX632
808,Мариан,Евдокимов,student,jakubmolchanov,&(L(6Bhzw(
809,Никита,Тарасов,student,afinogen_2021,8s5YfR6g!d
810,Ян,Евсеева,student,kuznetsovdobroslav,R7fe76Yh(v
811,Андрон,Власова,tutor,praskovja_2013,#%%RW(qu$6
812,Никандр,Сидорова,student,prov_57,h%!vK0KfuF
813,Анжелика,Филатов,student,ljubosmisl_16,268UH^ij2*
814,Яков,Мишин,student,cheslav97,2O46CKvt%i
815,Прасковья,Максимова,student,lnikolaeva,zW7_KdzSJ&
816,Адриан,Назарова,student,evseevazhanna,%_67Vbvtjn
817,Афанасий,Носова,student,anikegushchin,X6Pu4dpa+K
818,Кир,Федотова,student,miron1997,eF#C7Zjmrv
819,Прокл,Зыкова,student,mark_80,g^(+7CooeI
820,Всеволод,Щербаков,student,evdokija_98,l#fC7L1a4L
821,Каллистрат,Владимиров,student,zsergeev,*lOQ(qC%39
822,Порфирий,Терентьева,student,krasilnikovradislav,(viJDeUZ!9
823,Сила,Кондратьева,student,sergeevegor,_wMiganTN7
824,Сергей,Кошелев,tutor,nsergeeva,$rX2IG+n1#
825,Пелагея,Брагина,tutor,tatjana21,N$7T0VxJ5H
826,Изяслав,Русаков,student,valeri1994,DWj86AejS!
827,Селиван,Шашков,student,qgusev,#1LITza)J@
828,Данила,Васильева,student,eduard2012,$A_VZ1jhc2
829,Мирон,Лихачев,student,suvorovarefi,M%(7kBDazO
830,Спартак,Большаков,student,rostislav_48,efYT7!QJ^0
831,Лаврентий,Родионова,tutor,karpovljubim,hGY%T4dQ*7
832,Макар,Александрова,student,gushchinefim,$n1VpGOy6!
833,Святослав,Елисеев,student,mihail2000,!xB2k+(E$5
834,Анастасия,Рябова,student,ferapont_1972,f#^t0Kiy3G
835,Ангелина,Анисимов,student,alekse_1977,5DBmeb7N()
836,Мина,Денисова,student,timofeevermil,$MCaTnsec9
837,Анисим,Лазарев,student,kirill1976,QO%G8Yu30^
838,Ладимир,Гурьева,student,sidor17,^gYmvRfja4
839,Арефий,Маслова,student,konstantinovnikodim,GL0wFOXgO^
840,Аскольд,Ильина,student,nikodim_1975,)r9Mwn1zau
841,Георгий,Гусева,tutor,efimovboris,AK28XBPcc#
842,Никанор,Дорофеев,student,kononovkuprijan,B&$69GrtfY
843,Сергей,Муравьев,student,longin_90,3of0gYXC$v
844,Варлаам,Кондратьев,student,kornilovpimen,%y3Edw5@8z
845,Милован,Капустин,student,djachkovaolga,h!Z2*2Bo1z
846,Максим,Елисеева,student,evfrosinija82,Mpd8XfhO%3
847,Вышеслав,Абрамова,student,kornilovgennadi,&3tj3Y+bkH
848,Олег,Гаврилова,student,seliverst08,@J_)Kuh$9P
849,Автоном,Соколов,student,stanimir_83,MiF4SZLYN&
850,Ратмир,Фокина,student,vladislav_27,_zb+2PJeO5
851,Данила,Юдин,student,innokentifedoseev,#@L%B1Zr*v
852,Анна,Кононова,student,kondratevluchezar,2v3jRHwx@h
853,Лазарь,Белоусов,student,tihonovaregina,bs1NXyCtd!
854,Владислав,Шубина,student,gorehova,7yn+#9YcdV
855,Аверьян,Пахомов,student,velimir_2004,)f8BpztZ2z
856,Артемий,Сергеева,student,gostomisl2015,O(k0*Olf%c
857,Сигизмунд,Суханова,student,alla_2019,Gl3Ua^6E!8
858,Софрон,Лихачев,student,ipati_16,@62S^fJ0Gc
859,Никандр,Лаврентьев,student,dorofe_74,7Wt0NmboG(
860,Варфоломей,Кондратьев,student,ustin2019,8PUjqNWd@p
861,Феликс,Кошелева,student,vadim_27,(hXf)7uc&3
862,Лариса,Ковалев,tutor,juri_2007,ha7S5G8vE)
863,Пахом,Некрасов,student,bojan_2017,(IPCg5oEU9
864,Дарья,Чернова,student,artemevfoka,)pEN5pKh$Q
865,Никон,Ширяев,student,panovernest,2oL*Byp5&2
866,Святополк,Ковалева,student,jakovlevaoksana,X_F6RWxlM1
867,Глафира,Щербаков,student,egor77,bwta8(Nl4%
868,Автоном,Корнилов,tutor,nikiforovarkadi,2vRj@^Ij^V
869,Вячеслав,Калинина,student,david_1976,QY#7U5ub@_
870,Виктор,Исаева,student,denisovasinklitikija,%4WOifvitz
871,Таисия,Мельникова,student,trofim_15,&4XGNGdj_e
872,Феврония,Антонов,student,marian_1994,(rPL@#le6o
873,Пантелеймон,Николаев,student,vasili_39,r*EMS9DqsA
874,Фадей,Быков,student,evpraksija_81,o1T(rIEf_T
875,Исидор,Трофимов,student,samsonovfade,f@S0ZozS0(
876,Всемил,Мамонтов,student,sokrat_14,PWq7PL%mB+
877,Егор,Смирнов,student,ladislav61,@6SkZ+g!T*
878,Ким,Ларионова,student,anani_2012,Q8qSIiRz*2
879,Зинаида,Комиссаров,student,porfiri_49,#n(t2IXe^%
880,Потап,Пономарев,student,bazhen1970,+f7gNudt5S
881,Азарий,Кононова,student,guljaevaksenija,m@Ibr7QL%h
882,Харитон,Баранова,student,adrian01,9mr@cOs3!4
883,Светлана,Волков,student,david87,%6aXh7&68w
884,Ираида,Романова,student,lukinprokofi,+0eK)nxO1V
885,Александра,Ларионова,student,artemi2002,o$7AcLhy1w
886,Всемил,Рыбаков,student,denis_1980,4f&fgDgY+2
887,Арсений,Ширяева,student,filimon13,@h4NAgnSkm
888,Фома,Иванов,student,emmanuil1984,b3XKtMHY^Z
889,Анастасия,Колесников,student,lavrentitrofimov,+JFbPYpw2x
890,Борис,Стрелкова,student,rogovafevronija,$KWxIsbeP1
891,Модест,Пестов,student,romanovarseni,*%24HsnsGC
892,Владимир,Суханова,student,nifont56,F01QSrvH!T
893,Чеслав,Сафонова,student,parfen_1981,^!Y9EINezh
894,Касьян,Колобов,student,komarovvsevolod,B_@9gQvqg3
895,Олимпиада,Жданова,student,sborisov,#98UFXTyq#
896,Феофан,Гурьева,student,adam_56,EDSW4VAnx#
897,Варвара,Ильина,student,petr_17,7!C2Nx0Aa_
898,Борис,Васильева,student,zatsevvarfolome,^A1wq6SpJg
899,Дарья,Мишина,student,samsonovporfiri,X%j74^ToPd
900,Нонна,Жданов,student,kozlovkapiton,%C1Hm&$x0$
901,Андрон,Федосеев,student,krasilnikovandre,pa9^CoUyP!
902,Евлампий,Захарова,student,cblinov,&&L2Ll@#JL
903,Эдуард,Емельянов,student,hgurev,wRn2WMIr!S
904,Алла,Дорофеев,tutor,ivanmihalov,C4m&5O8ceD
905,Дарья,Вишнякова,tutor,drozdovjuli,%5B(ltiySE
906,Афиноген,Кулакова,student,safonovviktor,YrK7Vzi7Y*
907,Марфа,Евсеева,student,ponomarevavalerija,7mx0XDEk@y
908,Ипат,Зыкова,student,blohinazhanna,$k*k1WdJzc
909,Дорофей,Емельянова,student,foti_1975,c*MN02Lly%
910,Виссарион,Русаков,student,sofon57,@O5MtmOMZX
911,Иосиф,Казакова,tutor,emmanuil_34,*0BaQetYZO
912,Александра,Журавлева,student,ernst72,CG#6Pz2u#3
913,Пахом,Крюкова,student,lapinvelimir,+8S0EBZwVw
914,Николай,Коновалова,tutor,agge_1979,^2juGibmJx
915,Борислав,Коновалова,student,regina06,)ckLLutFR4
916,Николай,Фомина,student,oktjabrina_07,yNFnvl%5%8
917,Лучезар,Алексеева,student,evpraksija_51,$n_Jrw^AA9
918,Антонин,Исакова,student,valeri_2003,G*sWntcD&3
919,Любомир,Лебедева,student,harlampi1981,*!DXgu2K87
920,Христофор,Князева,student,orest57,w9%NUUPm*^
921,Викентий,Журавлева,student,martin_65,xxR66UAch)
922,Валерия,Филиппова,student,larisa_1995,KV(GH^km$6
923,Феврония,Тетерин,student,teterinnarkis,B^8HZ&zLKg
924,Трифон,Давыдов,student,gordebobilev,dI95XtxKb@
925,Изяслав,Носов,student,kovalevgeorgi,)5aM9l$^bs
926,Ростислав,Орехов,student,kononovisa,s6JsfDUa#Z
927,Аполлон,Одинцова,student,andre29,1v08Qj1Mb$
928,Артем,Михеева,student,anzhela1981,1b(8KH+xcx
929,Софон,Александрова,student,pkolesnikova,&H%HcveT_6
930,Епифан,Шестаков,student,ivanovkuzma,!0QtISEywH
931,Ангелина,Орлова,student,kabanovparamon,$u^2qIYpSa
932,Милован,Дроздов,student,dobroslav58,r2C&puO$_w
933,Феликс,Алексеева,tutor,adenisova,o24^BChp0*
934,Твердислав,Коновалов,student,svjatopolk_62,73GF@La1_b
935,Кира,Аксенов,student,sofija_27,zB$TqnA@(9
936,Якуб,Брагина,student,florentinkulakov,7&2EiTx3Iy
937,Ермолай,Бобылев,student,davidovavasilisa,J%3BTmwt7V
938,Аполлон,Дроздова,student,ilja2013,)W9EdY*Ajv
939,Мартын,Максимов,student,andreevdmitri,c!Gywmz2^3
940,Варлаам,Осипова,tutor,denisovirakli,P3t+3XaUSI
941,Аполлинарий,Молчанова,student,sazonovisidor,*3ZCHL+x7k
942,Маргарита,Архипов,student,avksenti20,+@7RaosZAF
943,Кира,Журавлева,student,januaridementev,634P(@gF$&
944,Виктория,Игнатова,student,mark2000,$6E8G#uvL@
945,Игнатий,Щукина,student,juri22,@I*4kDbKz+
946,Наум,Лаврентьев,student,valentin_82,%e4Fqn2ePW
947,Доброслав,Потапова,student,nifont_14,j_1C!QsWdw
948,Эмилия,Беляева,student,ksenija_06,!fr$9EcMy$
949,Митофан,Игнатьев,student,samson_1998,N!Xx2PgPQ4
950,Захар,Белоусова,student,izjaslav_68,%u4TDl9GZt
951,Наталья,Исаев,student,savdeeva,+7mE5RJxlc
952,Фаина,Зайцев,student,rgalkina,o#6FJu*teN
953,Марфа,Горшкова,student,militsa1975,G#4&Pl1x8_
954,Автоном,Князев,student,dobromislbespalov,g%D4SE#p7#
955,Аполлон,Евдокимов,student,svjatopolk_33,(V1V8Q1Vr9
956,Никодим,Костин,student,molchanovmoke,U!qL5Nlt&a
957,Ладимир,Тихонов,student,frusakova,h3kXaq%p^6
958,Ким,Гурьев,student,kuznetsovaljubov,!Q956WNz!n
959,Дорофей,Сергеев,student,pestovanani,*$7VUO!xHB
960,Радим,Морозова,student,anna_76,AQ2HEkeA+S
961,Фока,Блохина,student,pponomarev,4&_9xNeHDa
962,Анатолий,Федоров,student,litkinadrian,TbGbhgYl^4
963,Радим,Силин,student,sromanov,%nbN@c+e1#
964,Федор,Дементьева,student,kulaginvsevolod,L&8KTjzZ^3
965,Велимир,Стрелков,student,noskovsaveli,eQMs4lCA^8
966,Велимир,Петров,student,natan1982,*6i0NX@mDX
967,Селиван,Ершов,student,kmatveeva,*K)Mxaxk%1
968,Ипат,Лебедева,student,moke_2001,(ynYKrGm^7
969,Олимпиада,Боброва,student,kazakovaeleonora,4FGJ11au#P
970,Максимильян,Бирюков,student,djachkovaangelina,ap%f2wXUA*
971,Никандр,Тихонова,student,ruslan1989,B1IG7Tdx)^
972,Фирс,Авдеева,student,trofim_51,dD8bAfg(s)
973,Ладимир,Беляева,tutor,semennikiforov,g(0ZxWc6he
974,Мир,Быкова,student,konstantindrozdov,o7O5zDIu!i
975,Вышеслав,Воробьева,student,selivan1980,0+2PBVe^!$
976,Никон,Емельянов,student,tverdislavlazarev,HiEHpvFp^9
977,Ратибор,Хохлова,student,tatjana_36,^iGFPUwhU1
978,Ювеналий,Селезнева,tutor,irakli1978,%p87+VTajq
979,Мина,Харитонова,student,titovemil,*)58K+J8gk
980,Дмитрий,Федоров,student,ipatkoshelev,V!8A_lmZYx
981,Любосмысл,Сысоев,tutor,mihail_1995,w7vTK2yP%&
982,Михей,Аксенова,student,agap_2019,$3IPfHa)2w
983,Вышеслав,Якушева,student,loginovvsevolod,_9hPlwvo$2
984,Дорофей,Фролов,student,sinklitikija2013,Z@Z18Dixk1
985,Юлиан,Архипова,student,rbobileva,OLwOFh$Y%1
986,Куприян,Лазарева,student,shcherbakovzosima,!786^Ym*q2
987,Евсей,Овчинникова,student,tihon66,Sj5t9Oeds&
988,Юлий,Фокина,tutor,gorbunovgremislav,w6^gm0Wb$W
989,Ермил,Костин,student,varvara1975,_8F8dudXeY
990,Ольга,Кириллов,student,juvenali1984,8^!9^urreW
991,Феврония,Осипова,student,rjabovdobroslav,Q5Ou$m@t+c
992,Феоктист,Поляков,student,ppotapov,#)xzS3VrRj
993,Ипатий,Сорокина,student,ernst_2014,k!ijZXyg(6
994,Фортунат,Евдокимова,student,komarovajulija,00@8JOcMQX
995,Дементий,Соловьев,student,konstantinovvaleri,_2wFwtNm*0
996,Филарет,Шаров,student,angelina_73,+)tbWbnH98
997,Жанна,Мартынов,student,eignatev,J*duL4En(D
998,Регина,Якушев,student,sofon_31,a#)wLXh%_0
999,Самсон,Иванов,student,orlovepifan,L+0ZU8pc^+
